[
  {
    "id": "d36aeab9-e830-437c-a636-40c1d40d888a",
    "data": [
      {
        "text": "Do zinnia flowers ",
        "userDefined": false
      },
      {
        "text": "repel insects",
        "userDefined": false
      },
      {
        "text": "?",
        "userDefined": false
      }
    ],
    "isTemplate": false,
    "count": 0,
    "lang": "en",
    "updated": 0
  },
  {
    "id": "520bcdfe-2770-4880-ae0f-f394ed836828",
    "data": [
      {
        "text": "Do zinnias ",
        "userDefined": false
      },
      {
        "text": "repel insects",
        "userDefined": true
      },
      {
        "text": "?",
        "userDefined": false
      }
    ],
    "isTemplate": false,
    "count": 0,
    "lang": "en",
    "updated": 0
  },
  {
    "id": "2601d4d1-7924-479f-ae3f-74fe0eae91b1",
    "data": [
      {
        "text": "Can zinnia flowers act as a ",
        "userDefined": false
      },
      {
        "text": "insect repellent",
        "userDefined": false
      },
      {
        "text": "?",
        "userDefined": false
      }
    ],
    "isTemplate": false,
    "count": 0,
    "lang": "en",
    "updated": 0
  },
  {
    "id": "d449fba3-3f89-43d7-9958-c726113eb72f",
    "data": [
      {
        "text": "Can zinnias act as a ",
        "userDefined": false
      },
      {
        "text": "insect repellent",
        "userDefined": false
      },
      {
        "text": "?",
        "userDefined": false
      }
    ],
    "isTemplate": false,
    "count": 0,
    "lang": "en",
    "updated": 0
  },
  {
    "id": "6965ef30-65b1-4658-ba75-af62bca3b7f4",
    "data": [
      {
        "text": "insect repellent",
        "userDefined": true
      },
      {
        "text": " for zinnia flowers",
        "userDefined": false
      }
    ],
    "isTemplate": false,
    "count": 0,
    "lang": "en",
    "updated": 0
  },
  {
    "id": "dd2a1720-4ad0-410c-b0ef-da9018fad4a4",
    "data": [
      {
        "text": "insect repellent",
        "userDefined": true
      },
      {
        "text": " purposes",
        "userDefined": false
      }
    ],
    "isTemplate": false,
    "count": 0,
    "lang": "en",
    "updated": 0
  },
  {
    "id": "43bdbd55-76f2-4e6c-903a-4e60e9140cc3",
    "data": [
      {
        "text": "insect repellent",
        "userDefined": true
      },
      {
        "text": " purpose",
        "userDefined": false
      }
    ],
    "isTemplate": false,
    "count": 0,
    "lang": "en",
    "updated": 0
  },
  {
    "id": "49b556ea-e9c4-4ab4-a78f-f7e66a3b9b8b",
    "data": [
      {
        "text": "what is ",
        "userDefined": false
      },
      {
        "text": "insect repellent",
        "userDefined": true
      },
      {
        "text": " for zinnia flowers",
        "userDefined": false
      }
    ],
    "isTemplate": false,
    "count": 0,
    "lang": "en",
    "updated": 0
  },
  {
    "id": "5556fdf3-bbab-410e-bd69-6340faa99451",
    "data": [
      {
        "text": "insect repellent",
        "userDefined": true
      }
    ],
    "isTemplate": false,
    "count": 0,
    "lang": "en",
    "updated": 0
  },
  {
    "id": "447c1e71-8236-4b23-955e-7d6f206ec49a",
    "data": [
      {
        "text": "repellent",
        "userDefined": true
      }
    ],
    "isTemplate": false,
    "count": 0,
    "lang": "en",
    "updated": 0
  },
  {
    "id": "dae66fa9-09ec-4b22-bd1c-966ec3a75b5b",
    "data": [
      {
        "text": "insect",
        "userDefined": true
      }
    ],
    "isTemplate": false,
    "count": 0,
    "lang": "en",
    "updated": 0
  },
  {
    "id": "23572b26-8f0c-488d-ba82-82bdd9597405",
    "data": [
      {
        "text": "how do zinnias repel insect?",
        "userDefined": false
      }
    ],
    "isTemplate": false,
    "count": 0,
    "lang": "en",
    "updated": 0
  }
]