[
  {
    "id": "a7ecfbd0-099f-4a8a-ad89-9ed57c0c3f95",
    "data": [
      {
        "text": "can you list what are the method to plant zinnia flower",
        "userDefined": false
      }
    ],
    "isTemplate": false,
    "count": 0,
    "lang": "en",
    "updated": 0
  },
  {
    "id": "076354f7-687a-4dff-bbb3-3ffca903fc88",
    "data": [
      {
        "text": "methods",
        "userDefined": false
      }
    ],
    "isTemplate": false,
    "count": 0,
    "lang": "en",
    "updated": 0
  },
  {
    "id": "8539f286-f149-4a2d-9b0a-85f460e79d79",
    "data": [
      {
        "text": "method to plant zinnia flower",
        "userDefined": false
      }
    ],
    "isTemplate": false,
    "count": 0,
    "lang": "en",
    "updated": 0
  },
  {
    "id": "23fcd6b0-0ff4-4542-8b3d-9585abc1fdd3",
    "data": [
      {
        "text": "explain what the methods are to plant zinnia flower",
        "userDefined": false
      }
    ],
    "isTemplate": false,
    "count": 0,
    "lang": "en",
    "updated": 0
  },
  {
    "id": "fc4a6167-95b8-45c2-8327-45e48c0058ce",
    "data": [
      {
        "text": "how to reproduce zinnia flower",
        "userDefined": false
      }
    ],
    "isTemplate": false,
    "count": 0,
    "lang": "en",
    "updated": 0
  },
  {
    "id": "6a33e2fd-f53f-4bca-996d-79a2245fd749",
    "data": [
      {
        "text": "what are the methods to plant zinnia flower",
        "userDefined": false
      }
    ],
    "isTemplate": false,
    "count": 0,
    "lang": "en",
    "updated": 0
  },
  {
    "id": "8e0541ca-8032-4e0a-a9a8-bced1850bace",
    "data": [
      {
        "text": "how do zinnias reproduce",
        "userDefined": false
      }
    ],
    "isTemplate": false,
    "count": 0,
    "lang": "en",
    "updated": 0
  }
]