[
  {
    "id": "61d9c880-978e-4055-bd6b-78c55b2c85bd",
    "data": [
      {
        "text": "stem cutting method for zinnia flower",
        "userDefined": false
      }
    ],
    "isTemplate": false,
    "count": 0,
    "lang": "en",
    "updated": 0
  },
  {
    "id": "35b6792b-6d55-4638-9483-6af2a93d6818",
    "data": [
      {
        "text": "what is stem cutting method",
        "userDefined": false
      }
    ],
    "isTemplate": false,
    "count": 0,
    "lang": "en",
    "updated": 0
  },
  {
    "id": "071d9a8f-157f-4991-8246-bcdacc078954",
    "data": [
      {
        "text": "stem cutting is what",
        "userDefined": false
      }
    ],
    "isTemplate": false,
    "count": 0,
    "lang": "en",
    "updated": 0
  },
  {
    "id": "289a4a8d-54b0-4f1a-b520-622a1667b81a",
    "data": [
      {
        "text": "what is stem cutting",
        "userDefined": false
      }
    ],
    "isTemplate": false,
    "count": 0,
    "lang": "en",
    "updated": 0
  },
  {
    "id": "23436295-1571-4065-a576-463c8bf4d582",
    "data": [
      {
        "text": "how to use stem cutting method to plant zinnia flower",
        "userDefined": false
      }
    ],
    "isTemplate": false,
    "count": 0,
    "lang": "en",
    "updated": 0
  },
  {
    "id": "7c2af31a-e795-456d-90dd-e643cb1f9949",
    "data": [
      {
        "text": "what is stem cutting for zinnia flower",
        "userDefined": false
      }
    ],
    "isTemplate": false,
    "count": 0,
    "lang": "en",
    "updated": 0
  },
  {
    "id": "b518bf51-449c-40b4-9ab4-5e3f401384f0",
    "data": [
      {
        "text": "stem cutting",
        "userDefined": false
      }
    ],
    "isTemplate": false,
    "count": 0,
    "lang": "en",
    "updated": 0
  },
  {
    "id": "54681a87-bdb6-4b1c-a1c7-6c053a37806b",
    "data": [
      {
        "text": "can you explain how to use stem cutting",
        "userDefined": false
      }
    ],
    "isTemplate": false,
    "count": 0,
    "lang": "en",
    "updated": 0
  },
  {
    "id": "7955a674-6933-446c-8b41-eb0b088b2c38",
    "data": [
      {
        "text": "can you explain stem cutting",
        "userDefined": false
      }
    ],
    "isTemplate": false,
    "count": 0,
    "lang": "en",
    "updated": 0
  },
  {
    "id": "ced8434e-cd04-40c0-8066-9630733c3319",
    "data": [
      {
        "text": "cutting stem",
        "userDefined": false
      }
    ],
    "isTemplate": false,
    "count": 0,
    "lang": "en",
    "updated": 0
  },
  {
    "id": "ec88a960-c43a-4c24-a75f-bbaf83a1c3a8",
    "data": [
      {
        "text": "cutting",
        "userDefined": false
      }
    ],
    "isTemplate": false,
    "count": 0,
    "lang": "en",
    "updated": 0
  },
  {
    "id": "074b71f9-e8d1-41f1-a229-3bf6cfcb62b6",
    "data": [
      {
        "text": "what is cutting stem for zinnia flower",
        "userDefined": false
      }
    ],
    "isTemplate": false,
    "count": 0,
    "lang": "en",
    "updated": 0
  },
  {
    "id": "368cf184-00b9-49d5-abcc-209982e0e6da",
    "data": [
      {
        "text": "how to use cutting method to plant zinnia flower",
        "userDefined": false
      }
    ],
    "isTemplate": false,
    "count": 0,
    "lang": "en",
    "updated": 0
  }
]