[
  {
    "value": "sunlight ",
    "synonyms": [
      "sunlight",
      "light",
      "sun"
    ]
  },
  {
    "value": "soil",
    "synonyms": [
      "soil",
      "dirt"
    ]
  },
  {
    "value": "watering",
    "synonyms": [
      "watering",
      "water"
    ]
  },
  {
    "value": "fertilization",
    "synonyms": [
      "fertilization",
      "fertilize",
      "fertilizer"
    ]
  },
  {
    "value": "deadheading",
    "synonyms": [
      "deadheading",
      "dead leaf",
      "deheading",
      "dehead"
    ]
  },
  {
    "value": "pests\u0026diseases",
    "synonyms": [
      "pests",
      "diseases",
      "pest control",
      "pests control"
    ]
  },
  {
    "value": "spacing",
    "synonyms": [
      "spacing",
      "space"
    ]
  }
]