[
  {
    "value": "sunlight ",
    "synonyms": [
      "sunlight",
      "light"
    ]
  },
  {
    "value": "soil",
    "synonyms": [
      "soil",
      "dirt"
    ]
  },
  {
    "value": "watering",
    "synonyms": [
      "watering",
      "water"
    ]
  },
  {
    "value": "fertilization",
    "synonyms": [
      "fertilization",
      "fertilize"
    ]
  },
  {
    "value": "deadheading",
    "synonyms": [
      "deadheading",
      "dead leaf"
    ]
  },
  {
    "value": "pests\u0026diseases",
    "synonyms": [
      "pests",
      "diseases"
    ]
  },
  {
    "value": "spacing",
    "synonyms": [
      "spacing",
      "space"
    ]
  }
]