[
  {
    "value": "ornamental",
    "synonyms": [
      "ornamental",
      "ornamental purpose",
      "decoration",
      "decorate"
    ]
  },
  {
    "value": "medicinal",
    "synonyms": [
      "medicinal",
      "medicinal purpose",
      "healing properties",
      "healing",
      "healing property"
    ]
  },
  {
    "value": "insect repellent",
    "synonyms": [
      "insect repellent",
      "insect",
      "repellent",
      "insect repellent purpose"
    ]
  },
  {
    "value": "pollinator attractant",
    "synonyms": [
      "pollinator attractant",
      "pollinator",
      "attractant",
      "pollinator attractant purpose"
    ]
  },
  {
    "value": "cut flowers",
    "synonyms": [
      "cut flowers",
      "cut flower",
      "cut flowers purpose"
    ]
  }
]