[
  {
    "value": "ornamental",
    "synonyms": [
      "ornamental",
      "ornamental purpose"
    ]
  },
  {
    "value": "medicinal",
    "synonyms": [
      "medicinal",
      "medicinal purpose"
    ]
  },
  {
    "value": "insect repellent",
    "synonyms": [
      "insect repellent",
      "insect",
      "repellent"
    ]
  },
  {
    "value": "pollinator attractant",
    "synonyms": [
      "pollinator attractant",
      "pollinator",
      "attractant"
    ]
  },
  {
    "value": "cut flowers",
    "synonyms": [
      "cut flowers",
      "cut flower"
    ]
  }
]