[
  {
    "value": "ornamental",
    "synonyms": [
      "ornamental",
      "ornamental purpose"
    ]
  },
  {
    "value": "medicinal",
    "synonyms": [
      "medicinal",
      "medicinal purpose"
    ]
  },
  {
    "value": "insect repellent",
    "synonyms": [
      "insect repellent",
      "insect",
      "repellent",
      "insect repellent purpose"
    ]
  },
  {
    "value": "pollinator attractant",
    "synonyms": [
      "pollinator attractant",
      "pollinator",
      "attractant",
      "pollinator attractant purpose"
    ]
  },
  {
    "value": "cut flowers",
    "synonyms": [
      "cut flowers",
      "cut flower",
      "cut flowers purpose"
    ]
  }
]