[
  {
    "id": "72f98836-b925-4b7b-8519-446bc3cf7f0f",
    "data": [
      {
        "text": "information",
        "userDefined": false
      }
    ],
    "isTemplate": false,
    "count": 15,
    "lang": "en",
    "updated": 0
  },
  {
    "id": "d1c98f19-5499-4637-8966-2d57fba4a901",
    "data": [
      {
        "text": "info of zinnia flower",
        "userDefined": false
      }
    ],
    "isTemplate": false,
    "count": 1,
    "lang": "en",
    "updated": 0
  },
  {
    "id": "49e11c35-768b-4172-86d3-df44825db3a1",
    "data": [
      {
        "text": "What is the info for Zinnia flower",
        "userDefined": false
      }
    ],
    "isTemplate": false,
    "count": 0,
    "lang": "en",
    "updated": 0
  },
  {
    "id": "997093ee-1a44-4cbc-b9c7-2d45f17899e9",
    "data": [
      {
        "text": "Can I get some info for Zinnia flowers",
        "userDefined": false
      }
    ],
    "isTemplate": false,
    "count": 0,
    "lang": "en",
    "updated": 0
  },
  {
    "id": "0e3b76b9-597d-4f5a-9132-4fa9a5c7590e",
    "data": [
      {
        "text": "Information of Zinnia Flowers",
        "userDefined": false
      }
    ],
    "isTemplate": false,
    "count": 0,
    "lang": "en",
    "updated": 0
  },
  {
    "id": "9cddf3a8-0caa-4b3a-851d-d0c348c2921c",
    "data": [
      {
        "text": "What is the information for Zinnia Flowers",
        "userDefined": false
      }
    ],
    "isTemplate": false,
    "count": 0,
    "lang": "en",
    "updated": 0
  },
  {
    "id": "72eeec59-9ace-4da9-8db3-367b1f44a708",
    "data": [
      {
        "text": "Can I get some information regarding Zinnia Flowers",
        "userDefined": false
      }
    ],
    "isTemplate": false,
    "count": 0,
    "lang": "en",
    "updated": 0
  },
  {
    "id": "c297f4fb-6204-45b5-8909-ff2585f00cd6",
    "data": [
      {
        "text": "can i get some info regarding Zinnia flower",
        "userDefined": false
      }
    ],
    "isTemplate": false,
    "count": 0,
    "lang": "en",
    "updated": 0
  },
  {
    "id": "3e2de502-2fc2-420a-a68a-98f283dfcfc4",
    "data": [
      {
        "text": "can i know the information of zinnia flower?",
        "userDefined": false
      }
    ],
    "isTemplate": false,
    "count": 0,
    "lang": "en",
    "updated": 0
  },
  {
    "id": "5181d558-20ce-41c9-92e2-86be98101132",
    "data": [
      {
        "text": "can i know the information of zinnia flower",
        "userDefined": false
      }
    ],
    "isTemplate": false,
    "count": 0,
    "lang": "en",
    "updated": 0
  },
  {
    "id": "95fdc064-ab2c-4b18-8e49-4a06dca8b5ef",
    "data": [
      {
        "text": "could you tell me more about ",
        "userDefined": false
      },
      {
        "text": "zinnie",
        "userDefined": false
      },
      {
        "text": " flower?",
        "userDefined": false
      }
    ],
    "isTemplate": false,
    "count": 1,
    "lang": "en",
    "updated": 0
  },
  {
    "id": "a55577c3-5335-4086-9153-deefc784df0a",
    "data": [
      {
        "text": "tell me about ",
        "userDefined": false
      },
      {
        "text": "zinnie",
        "userDefined": false
      },
      {
        "text": " flower",
        "userDefined": false
      }
    ],
    "isTemplate": false,
    "count": 0,
    "lang": "en",
    "updated": 0
  },
  {
    "id": "ebd50d4a-94e6-4ea1-9bd4-728e13289f48",
    "data": [
      {
        "text": "tell me more",
        "userDefined": false
      }
    ],
    "isTemplate": false,
    "count": 0,
    "lang": "en",
    "updated": 0
  },
  {
    "id": "29ae483e-89d9-408b-b555-2abdb15b3e71",
    "data": [
      {
        "text": "more",
        "userDefined": false
      }
    ],
    "isTemplate": false,
    "count": 0,
    "lang": "en",
    "updated": 0
  },
  {
    "id": "0ceee3bb-a505-430c-adf6-92dc8471f550",
    "data": [
      {
        "text": "beside that?",
        "userDefined": false
      }
    ],
    "isTemplate": false,
    "count": 0,
    "lang": "en",
    "updated": 0
  },
  {
    "id": "fb0375a9-6c21-41d0-b63c-714136bdeae1",
    "data": [
      {
        "text": "can i know more about the zinnia flower?",
        "userDefined": false
      }
    ],
    "isTemplate": false,
    "count": 0,
    "lang": "en",
    "updated": 0
  },
  {
    "id": "09fc07e4-4bd1-4f1c-b5ec-a25a00a6fb01",
    "data": [
      {
        "text": "Can I get some basic information?",
        "userDefined": false
      }
    ],
    "isTemplate": false,
    "count": 0,
    "lang": "en",
    "updated": 0
  },
  {
    "id": "4903e0dd-42d6-48b9-8070-d05cd52c8376",
    "data": [
      {
        "text": "can i get information of ziniia",
        "userDefined": false
      }
    ],
    "isTemplate": false,
    "count": 0,
    "lang": "en",
    "updated": 0
  },
  {
    "data": [
      {
        "text": "Cna i know more about fertilize for zinnia",
        "userDefined": false
      }
    ],
    "isTemplate": false,
    "count": 1,
    "lang": "en",
    "updated": 0
  },
  {
    "data": [
      {
        "text": "can i know more about fertilize for zinnia",
        "userDefined": false
      }
    ],
    "isTemplate": false,
    "count": 1,
    "lang": "en",
    "updated": 0
  }
]