[
  {
    "id": "ec84b6e0-79e2-4011-b628-80b714c6c522",
    "data": [
      {
        "text": "Can you list some colors varieties of Zinnia flowers?",
        "userDefined": false
      }
    ],
    "isTemplate": false,
    "count": 0,
    "lang": "en",
    "updated": 0
  },
  {
    "id": "afa972ee-b1e3-40ef-9942-582c46818d0f",
    "data": [
      {
        "text": "Can you list some colors varieties of Zinnia?",
        "userDefined": false
      }
    ],
    "isTemplate": false,
    "count": 0,
    "lang": "en",
    "updated": 0
  },
  {
    "id": "ca6a04d1-68a8-477f-a5f4-959b84f1e273",
    "data": [
      {
        "text": "What are the different colors of Zinnia flowers?",
        "userDefined": false
      }
    ],
    "isTemplate": false,
    "count": 0,
    "lang": "en",
    "updated": 0
  },
  {
    "id": "2dfb6cca-6011-4b11-aea3-65ba237ccded",
    "data": [
      {
        "text": "What are the different colors available in Zinnias?",
        "userDefined": false
      }
    ],
    "isTemplate": false,
    "count": 0,
    "lang": "en",
    "updated": 0
  },
  {
    "id": "da71ed64-185d-423f-94f5-5a578069347a",
    "data": [
      {
        "text": "What are the different colors available in Zinnia flowers?",
        "userDefined": false
      }
    ],
    "isTemplate": false,
    "count": 0,
    "lang": "en",
    "updated": 0
  }
]