[
  {
    "id": "6ef1df15-f199-4d02-95cd-4b954009e68b",
    "data": [
      {
        "text": "can you further explain the ",
        "userDefined": false
      },
      {
        "text": "Soil",
        "userDefined": false
      },
      {
        "text": " for zinnia ",
        "userDefined": false
      },
      {
        "text": "flower",
        "userDefined": false
      },
      {
        "text": "?",
        "userDefined": false
      }
    ],
    "isTemplate": false,
    "count": 0,
    "lang": "en",
    "updated": 0
  },
  {
    "id": "0ee7814a-2abd-47f5-b14c-fd64fd553b85",
    "data": [
      {
        "text": "Soil",
        "userDefined": false
      }
    ],
    "isTemplate": false,
    "count": 0,
    "lang": "en",
    "updated": 0
  },
  {
    "id": "5f1f33ec-d3f1-468e-afd1-288b1bcb51e0",
    "data": [
      {
        "text": "how about ",
        "userDefined": false
      },
      {
        "text": "soil",
        "userDefined": false
      }
    ],
    "isTemplate": false,
    "count": 0,
    "lang": "en",
    "updated": 0
  },
  {
    "id": "9b89e943-5bcf-48b0-a41e-8af6ba22cecb",
    "data": [
      {
        "text": "what happen to ",
        "userDefined": false
      },
      {
        "text": "soil",
        "userDefined": false
      },
      {
        "text": " for zinnia ",
        "userDefined": false
      },
      {
        "text": "flower",
        "userDefined": false
      },
      {
        "text": "?",
        "userDefined": false
      }
    ],
    "isTemplate": false,
    "count": 0,
    "lang": "en",
    "updated": 0
  },
  {
    "id": "6a60fca0-e0f2-4a98-b896-5dd78b9b0b0e",
    "data": [
      {
        "text": "explain ",
        "userDefined": false
      },
      {
        "text": "soil",
        "userDefined": true
      },
      {
        "text": " for zinnia ",
        "userDefined": false
      },
      {
        "text": "flower",
        "userDefined": false
      }
    ],
    "isTemplate": false,
    "count": 1,
    "lang": "en",
    "updated": 0
  },
  {
    "id": "79180674-ece8-4832-9805-27e877461c20",
    "data": [
      {
        "text": "does ",
        "userDefined": false
      },
      {
        "text": "soil",
        "userDefined": false
      },
      {
        "text": " ",
        "userDefined": false
      },
      {
        "text": "will",
        "userDefined": false
      },
      {
        "text": " cause the grown of the zinnia ",
        "userDefined": false
      },
      {
        "text": "flower",
        "userDefined": false
      },
      {
        "text": "?",
        "userDefined": false
      }
    ],
    "isTemplate": false,
    "count": 0,
    "lang": "en",
    "updated": 0
  },
  {
    "id": "c5d18b96-bf2e-400f-9298-dfa787ada02b",
    "data": [
      {
        "text": "should i aware of the ",
        "userDefined": false
      },
      {
        "text": "soil",
        "userDefined": false
      },
      {
        "text": " while planting the zinnia ",
        "userDefined": false
      },
      {
        "text": "flower",
        "userDefined": false
      },
      {
        "text": "?",
        "userDefined": false
      }
    ],
    "isTemplate": false,
    "count": 0,
    "lang": "en",
    "updated": 0
  },
  {
    "id": "50229d91-37b3-473c-91b7-3239fb67391d",
    "data": [
      {
        "text": "what are the ",
        "userDefined": false
      },
      {
        "text": "soil",
        "userDefined": false
      },
      {
        "text": " condition for planting zinnia flower?",
        "userDefined": false
      }
    ],
    "isTemplate": false,
    "count": 1,
    "lang": "en",
    "updated": 0
  },
  {
    "id": "8f4a8840-2fa1-422e-8857-cd3ff8136071",
    "data": [
      {
        "text": "anything can do for zinnia with ",
        "userDefined": false
      },
      {
        "text": "soil",
        "userDefined": false
      },
      {
        "text": " ?",
        "userDefined": false
      }
    ],
    "isTemplate": false,
    "count": 0,
    "lang": "en",
    "updated": 0
  }
]