[
  {
    "id": "98da9466-cbd3-4031-a14a-fdbef20b5038",
    "data": [
      {
        "text": "Fertilization",
        "userDefined": false
      }
    ],
    "isTemplate": false,
    "count": 0,
    "lang": "en",
    "updated": 0
  },
  {
    "id": "51f4f6e3-4c6f-4be8-a1ee-1fcb4f026eb8",
    "data": [
      {
        "text": "Fertilize",
        "userDefined": false
      }
    ],
    "isTemplate": false,
    "count": 0,
    "lang": "en",
    "updated": 0
  },
  {
    "id": "d10dd9d2-1247-4ba9-8c09-e96971fb4449",
    "data": [
      {
        "text": "how about ",
        "userDefined": false
      },
      {
        "text": "fertilization",
        "userDefined": false
      }
    ],
    "isTemplate": false,
    "count": 0,
    "lang": "en",
    "updated": 0
  },
  {
    "id": "569c26fe-860e-4739-be74-3d7ea1b99621",
    "data": [
      {
        "text": "fertilization",
        "userDefined": false
      },
      {
        "text": " ",
        "userDefined": false
      },
      {
        "text": "will",
        "userDefined": false
      },
      {
        "text": " cause what to zinnia ",
        "userDefined": false
      },
      {
        "text": "flower",
        "userDefined": false
      },
      {
        "text": "?",
        "userDefined": false
      }
    ],
    "isTemplate": false,
    "count": 0,
    "lang": "en",
    "updated": 0
  },
  {
    "id": "0143a99e-2484-4f23-b378-dd19754afd95",
    "data": [
      {
        "text": "fertilize",
        "userDefined": false
      },
      {
        "text": " for zinnia ",
        "userDefined": false
      },
      {
        "text": "flower",
        "userDefined": false
      }
    ],
    "isTemplate": false,
    "count": 0,
    "lang": "en",
    "updated": 0
  },
  {
    "id": "730a5499-0453-4f10-92cc-10e7b90fcc74",
    "data": [
      {
        "text": "fertilizer",
        "userDefined": false
      },
      {
        "text": " for zinnia ",
        "userDefined": false
      },
      {
        "text": "flower",
        "userDefined": false
      }
    ],
    "isTemplate": false,
    "count": 0,
    "lang": "en",
    "updated": 0
  },
  {
    "id": "c57422bd-e550-4dfd-9af1-12de4f8ac278",
    "data": [
      {
        "text": "what happen to ",
        "userDefined": false
      },
      {
        "text": "fertilizer",
        "userDefined": false
      },
      {
        "text": " with zinnia ",
        "userDefined": false
      },
      {
        "text": "flower",
        "userDefined": false
      }
    ],
    "isTemplate": false,
    "count": 0,
    "lang": "en",
    "updated": 0
  },
  {
    "id": "879b8418-3c2f-4235-bc9b-8ac7707a795e",
    "data": [
      {
        "text": "can you further explain about the ",
        "userDefined": false
      },
      {
        "text": "fertilization",
        "userDefined": false
      },
      {
        "text": "?",
        "userDefined": false
      }
    ],
    "isTemplate": false,
    "count": 0,
    "lang": "en",
    "updated": 0
  },
  {
    "id": "91716cf2-8634-49c7-aa06-334c5b186ba6",
    "data": [
      {
        "text": "can you further explain about the ",
        "userDefined": false
      },
      {
        "text": "fertilize",
        "userDefined": false
      },
      {
        "text": "?",
        "userDefined": false
      }
    ],
    "isTemplate": false,
    "count": 0,
    "lang": "en",
    "updated": 0
  },
  {
    "id": "24b4ed79-3cc5-42f5-be50-69e56107a638",
    "data": [
      {
        "text": "do zinnia flower need ",
        "userDefined": false
      },
      {
        "text": "fertilizer",
        "userDefined": false
      },
      {
        "text": " ?",
        "userDefined": false
      }
    ],
    "isTemplate": false,
    "count": 0,
    "lang": "en",
    "updated": 0
  }
]