[
  {
    "id": "eee87d54-7e65-4c9a-b159-63a933f9e210",
    "data": [
      {
        "text": "can i ask you some questions?",
        "userDefined": false
      }
    ],
    "isTemplate": false,
    "count": 0,
    "lang": "en",
    "updated": 0
  },
  {
    "id": "34c34f98-98de-4579-a122-0a611b01b34f",
    "data": [
      {
        "text": "what else you can do",
        "userDefined": false
      }
    ],
    "isTemplate": false,
    "count": 0,
    "lang": "en",
    "updated": 0
  },
  {
    "id": "e3afa4a8-cef9-490c-b51c-e0e5eb1d9f17",
    "data": [
      {
        "text": "show what you can do?",
        "userDefined": false
      }
    ],
    "isTemplate": false,
    "count": 0,
    "lang": "en",
    "updated": 0
  },
  {
    "id": "790763b4-61bb-4626-8185-b911b852ad93",
    "data": [
      {
        "text": "Show me what you can do?",
        "userDefined": false
      }
    ],
    "isTemplate": false,
    "count": 0,
    "lang": "en",
    "updated": 0
  },
  {
    "id": "f736192e-0070-4acd-8803-647e76ded25a",
    "data": [
      {
        "text": "help",
        "userDefined": false
      }
    ],
    "isTemplate": false,
    "count": 1,
    "lang": "en",
    "updated": 0
  },
  {
    "id": "17651ffa-4e88-4439-a5b0-648a3db77973",
    "data": [
      {
        "text": "what can you do",
        "userDefined": false
      }
    ],
    "isTemplate": false,
    "count": 0,
    "lang": "en",
    "updated": 0
  },
  {
    "id": "baf76556-32b3-469d-a961-a9e89d1551af",
    "data": [
      {
        "text": "what can you do for me",
        "userDefined": false
      }
    ],
    "isTemplate": false,
    "count": 0,
    "lang": "en",
    "updated": 0
  },
  {
    "id": "803b957d-f7d4-4acd-bc8f-e6bf3603c5e8",
    "data": [
      {
        "text": "What can you do",
        "userDefined": false
      }
    ],
    "isTemplate": false,
    "count": 0,
    "lang": "en",
    "updated": 0
  },
  {
    "id": "4cb9fda9-ed5f-4145-b2dc-baff851e6749",
    "data": [
      {
        "text": "What can you do?",
        "userDefined": false
      }
    ],
    "isTemplate": false,
    "count": 0,
    "lang": "en",
    "updated": 0
  },
  {
    "id": "53159d13-4d87-4c9e-9f60-a79226d140e1",
    "data": [
      {
        "text": "What you can do to help?",
        "userDefined": false
      }
    ],
    "isTemplate": false,
    "count": 0,
    "lang": "en",
    "updated": 0
  },
  {
    "id": "95c8161e-adc4-4816-8fad-1131e2c3ac1c",
    "data": [
      {
        "text": "what can you do?",
        "userDefined": false
      }
    ],
    "isTemplate": false,
    "count": 8,
    "lang": "en",
    "updated": 0
  },
  {
    "data": [
      {
        "text": "what else you can do?",
        "userDefined": false
      }
    ],
    "isTemplate": false,
    "count": 0,
    "lang": "en",
    "updated": 0
  },
  {
    "data": [
      {
        "text": "Show me the pictures",
        "userDefined": false
      }
    ],
    "isTemplate": false,
    "count": 0,
    "lang": "en",
    "updated": 0
  },
  {
    "data": [
      {
        "text": "Wao. That’s nice",
        "userDefined": false
      }
    ],
    "isTemplate": false,
    "count": 0,
    "lang": "en",
    "updated": 0
  }
]