[
  {
    "id": "8c038c60-3803-44d1-b1f9-434549f9f29a",
    "data": [
      {
        "text": "tell me my name is?",
        "userDefined": false
      }
    ],
    "isTemplate": false,
    "count": 0,
    "lang": "en",
    "updated": 0
  },
  {
    "id": "b59cbd0d-c4b5-424e-8812-ed4920d69cd0",
    "data": [
      {
        "text": "do you remember my name?",
        "userDefined": false
      }
    ],
    "isTemplate": false,
    "count": 4,
    "lang": "en",
    "updated": 0
  },
  {
    "id": "63c0d5e9-b1a7-407c-9af9-f39fd84bb3c5",
    "data": [
      {
        "text": "can you tell me my name",
        "userDefined": false
      }
    ],
    "isTemplate": false,
    "count": 0,
    "lang": "en",
    "updated": 0
  },
  {
    "id": "845a7ac3-9273-4f45-8539-e0310580a67d",
    "data": [
      {
        "text": "what is my name ?",
        "userDefined": false
      }
    ],
    "isTemplate": false,
    "count": 0,
    "lang": "en",
    "updated": 0
  },
  {
    "id": "d9ab0468-e2d4-4f47-b9fe-1e412a6f421b",
    "data": [
      {
        "text": "do you remember my name",
        "userDefined": false
      }
    ],
    "isTemplate": false,
    "count": 0,
    "lang": "en",
    "updated": 0
  },
  {
    "id": "4234bcac-420c-4823-a3df-ab9e982863d1",
    "data": [
      {
        "text": "can you tell me my name?",
        "userDefined": false
      }
    ],
    "isTemplate": false,
    "count": 0,
    "lang": "en",
    "updated": 0
  },
  {
    "id": "c7500d46-ebcf-4b0a-baf8-59602905ad8e",
    "data": [
      {
        "text": "what is my name",
        "userDefined": false
      }
    ],
    "isTemplate": false,
    "count": 0,
    "lang": "en",
    "updated": 0
  },
  {
    "id": "3c8f4351-2d1f-4d73-aefe-d5c93a1672ef",
    "data": [
      {
        "text": "what is my name?",
        "userDefined": false
      }
    ],
    "isTemplate": false,
    "count": 0,
    "lang": "en",
    "updated": 0
  },
  {
    "id": "7337be62-dbb9-47a2-9115-5ecc72387611",
    "data": [
      {
        "text": "what is your name?",
        "userDefined": false
      }
    ],
    "isTemplate": false,
    "count": 0,
    "lang": "en",
    "updated": 0
  }
]