[
  {
    "id": "e9cad0e5-64d5-4879-a086-7f5f18a336ae",
    "data": [
      {
        "text": "what is ",
        "userDefined": false
      },
      {
        "text": "cut flower purpose",
        "userDefined": false
      },
      {
        "text": " for zinnia ",
        "userDefined": false
      },
      {
        "text": "flower",
        "userDefined": false
      }
    ],
    "isTemplate": false,
    "count": 0,
    "lang": "en",
    "updated": 0
  },
  {
    "id": "0ddc978b-eec7-42d8-b615-9598b0414814",
    "data": [
      {
        "text": "cut flower purpose",
        "userDefined": false
      },
      {
        "text": " for zinnia ",
        "userDefined": false
      },
      {
        "text": "flower",
        "userDefined": false
      }
    ],
    "isTemplate": false,
    "count": 0,
    "lang": "en",
    "updated": 0
  },
  {
    "id": "6b97b47a-9c65-49c1-af3f-a88df5cd90f1",
    "data": [
      {
        "text": "what is ",
        "userDefined": false
      },
      {
        "text": "cut flower",
        "userDefined": false
      },
      {
        "text": " for zinnia ",
        "userDefined": false
      },
      {
        "text": "flower",
        "userDefined": false
      }
    ],
    "isTemplate": false,
    "count": 1,
    "lang": "en",
    "updated": 0
  },
  {
    "id": "e66b00ad-2d63-4930-b974-bd20911b13bd",
    "data": [
      {
        "text": "cutflowers",
        "userDefined": false
      }
    ],
    "isTemplate": false,
    "count": 0,
    "lang": "en",
    "updated": 0
  },
  {
    "id": "d897033b-abb5-4d55-8ece-38cee51c535a",
    "data": [
      {
        "text": "can i know more about cut flower?",
        "userDefined": false
      }
    ],
    "isTemplate": false,
    "count": 0,
    "lang": "en",
    "updated": 0
  },
  {
    "id": "4cfc29bc-07d4-4631-8754-590517d710ab",
    "data": [
      {
        "text": "what is cut flower",
        "userDefined": false
      }
    ],
    "isTemplate": false,
    "count": 0,
    "lang": "en",
    "updated": 0
  },
  {
    "id": "7adf82de-0c21-490e-8147-3d506262d67b",
    "data": [
      {
        "text": "explain the cut flower",
        "userDefined": false
      }
    ],
    "isTemplate": false,
    "count": 0,
    "lang": "en",
    "updated": 0
  },
  {
    "id": "c80014a5-4724-42e6-8428-b457cfb35eaf",
    "data": [
      {
        "text": "can you explain cut flower for zinnia flower",
        "userDefined": false
      }
    ],
    "isTemplate": false,
    "count": 1,
    "lang": "en",
    "updated": 0
  },
  {
    "id": "d4058b12-86bc-4458-88a6-5f174c8ea856",
    "data": [
      {
        "text": "cut flowers",
        "userDefined": false
      }
    ],
    "isTemplate": false,
    "count": 0,
    "lang": "en",
    "updated": 0
  },
  {
    "id": "004ad088-0638-4733-b537-b480009a4c2e",
    "data": [
      {
        "text": "cut flower",
        "userDefined": false
      }
    ],
    "isTemplate": false,
    "count": 0,
    "lang": "en",
    "updated": 0
  },
  {
    "id": "d8e3f9f4-66f0-48b1-bea5-2a025c2b3825",
    "data": [
      {
        "text": "cut",
        "userDefined": false
      }
    ],
    "isTemplate": false,
    "count": 3,
    "lang": "en",
    "updated": 0
  }
]