[
  {
    "id": "a97ce147-b450-4e20-9baa-bbd4ac9af5d6",
    "data": [
      {
        "text": "antimicrobial explain",
        "userDefined": false
      }
    ],
    "isTemplate": false,
    "count": 0,
    "lang": "en",
    "updated": 0
  },
  {
    "id": "e8fe25cd-dd07-4780-8c7b-ec8c0b7390b5",
    "data": [
      {
        "text": "explain about antimicrobial",
        "userDefined": false
      }
    ],
    "isTemplate": false,
    "count": 0,
    "lang": "en",
    "updated": 0
  },
  {
    "id": "3d1a0dc6-a70b-4a10-b060-77bbe869fc0b",
    "data": [
      {
        "text": "how can antimicrobial made by zinnia flower",
        "userDefined": false
      }
    ],
    "isTemplate": false,
    "count": 0,
    "lang": "en",
    "updated": 0
  },
  {
    "id": "b569c2ee-cf78-4d51-8a2f-5180494d9d19",
    "data": [
      {
        "text": "can you explain antimicrobial",
        "userDefined": false
      }
    ],
    "isTemplate": false,
    "count": 0,
    "lang": "en",
    "updated": 0
  },
  {
    "id": "4b8e935a-dae7-43c2-b077-7e2dd601277e",
    "data": [
      {
        "text": "what is antimicrobial",
        "userDefined": false
      }
    ],
    "isTemplate": false,
    "count": 0,
    "lang": "en",
    "updated": 0
  },
  {
    "id": "e3232af3-f8f4-43d6-b2fb-696c89c038ec",
    "data": [
      {
        "text": "antimicrobial",
        "userDefined": false
      }
    ],
    "isTemplate": false,
    "count": 13,
    "lang": "en",
    "updated": 0
  }
]