[
  {
    "id": "5a9e94cc-4ce7-4439-a0be-2697de7f1aad",
    "data": [
      {
        "text": "explain the anti inflammatory",
        "userDefined": false
      }
    ],
    "isTemplate": false,
    "count": 0,
    "lang": "en",
    "updated": 0
  },
  {
    "id": "8463e287-0027-4712-b4b1-aa5c3462d3e1",
    "data": [
      {
        "text": "can explain the anti inflammatory",
        "userDefined": false
      }
    ],
    "isTemplate": false,
    "count": 0,
    "lang": "en",
    "updated": 0
  },
  {
    "id": "b387f6cc-604c-4dd0-8d4b-1ff12ea4548f",
    "data": [
      {
        "text": "further explain the anti inflammatory",
        "userDefined": false
      }
    ],
    "isTemplate": false,
    "count": 0,
    "lang": "en",
    "updated": 0
  },
  {
    "id": "3e89ecb3-f3f3-4fe4-8a2e-227f6d7937fe",
    "data": [
      {
        "text": "inflammantory",
        "userDefined": false
      }
    ],
    "isTemplate": false,
    "count": 0,
    "lang": "en",
    "updated": 0
  },
  {
    "id": "a4b290f8-3290-4bc7-bac0-62974facf7c1",
    "data": [
      {
        "text": "anti-inflammatory",
        "userDefined": false
      }
    ],
    "isTemplate": false,
    "count": 0,
    "lang": "en",
    "updated": 0
  },
  {
    "id": "3abcf587-7bff-4b0d-8323-25fe422b4c6f",
    "data": [
      {
        "text": "what is anti inflammatory",
        "userDefined": false
      }
    ],
    "isTemplate": false,
    "count": 11,
    "lang": "en",
    "updated": 0
  }
]