[
  {
    "id": "b569c2ee-cf78-4d51-8a2f-5180494d9d19",
    "data": [
      {
        "text": "can you explain antimicrobial",
        "userDefined": false
      }
    ],
    "isTemplate": false,
    "count": 0,
    "lang": "en",
    "updated": 0
  },
  {
    "id": "4b8e935a-dae7-43c2-b077-7e2dd601277e",
    "data": [
      {
        "text": "what is antimicrobial",
        "userDefined": false
      }
    ],
    "isTemplate": false,
    "count": 0,
    "lang": "en",
    "updated": 0
  },
  {
    "id": "e3232af3-f8f4-43d6-b2fb-696c89c038ec",
    "data": [
      {
        "text": "antimicrobial",
        "userDefined": false
      }
    ],
    "isTemplate": false,
    "count": 13,
    "lang": "en",
    "updated": 0
  }
]