[
  {
    "id": "eddc778e-c5ff-4ac7-a469-bf68272bd2bf",
    "data": [
      {
        "text": "can you explain how to use direct seeding method for zinnia flower",
        "userDefined": false
      }
    ],
    "isTemplate": false,
    "count": 0,
    "lang": "en",
    "updated": 0
  },
  {
    "id": "be67edae-c7b9-4307-9711-21d3aa7361a6",
    "data": [
      {
        "text": "direct seeding method is what",
        "userDefined": false
      }
    ],
    "isTemplate": false,
    "count": 0,
    "lang": "en",
    "updated": 0
  },
  {
    "id": "823870a1-3aea-4c0f-a727-25d814cb2192",
    "data": [
      {
        "text": "what is direct seeding method",
        "userDefined": false
      }
    ],
    "isTemplate": false,
    "count": 0,
    "lang": "en",
    "updated": 0
  },
  {
    "id": "26e7226b-58ed-4fd0-abe2-b541c846e21f",
    "data": [
      {
        "text": "what is direct seeding",
        "userDefined": false
      }
    ],
    "isTemplate": false,
    "count": 0,
    "lang": "en",
    "updated": 0
  },
  {
    "id": "ee023f66-a437-43d5-b4dc-dbe8b5d640b2",
    "data": [
      {
        "text": "direct seeding is what",
        "userDefined": false
      }
    ],
    "isTemplate": false,
    "count": 0,
    "lang": "en",
    "updated": 0
  },
  {
    "id": "dc42f8d5-de96-4e88-b09d-b030f8ab981f",
    "data": [
      {
        "text": "direct seeding",
        "userDefined": false
      }
    ],
    "isTemplate": false,
    "count": 0,
    "lang": "en",
    "updated": 0
  },
  {
    "id": "d222e7eb-7b2f-4a42-b8c2-88d0cca3a66f",
    "data": [
      {
        "text": "seeding",
        "userDefined": false
      }
    ],
    "isTemplate": false,
    "count": 0,
    "lang": "en",
    "updated": 0
  },
  {
    "id": "ec85f915-7492-4628-a141-491608181b21",
    "data": [
      {
        "text": "how to use seeding to plant zinnia flower",
        "userDefined": false
      }
    ],
    "isTemplate": false,
    "count": 0,
    "lang": "en",
    "updated": 0
  },
  {
    "id": "37fff7c9-a38b-43a5-8167-86764e8e57d5",
    "data": [
      {
        "text": "can you explain more about the seeding",
        "userDefined": false
      }
    ],
    "isTemplate": false,
    "count": 0,
    "lang": "en",
    "updated": 0
  },
  {
    "id": "81f1388c-a04d-4f2e-904e-50c9154bf1c6",
    "data": [
      {
        "text": "Can you explain more about the direct seeding",
        "userDefined": false
      }
    ],
    "isTemplate": false,
    "count": 0,
    "lang": "en",
    "updated": 0
  }
]