[
  {
    "id": "6a020d5b-e047-47bf-aec0-f3e683f585ae",
    "data": [
      {
        "text": "can you explain antioxidant for zinnia flower",
        "userDefined": false
      }
    ],
    "isTemplate": false,
    "count": 0,
    "lang": "en",
    "updated": 0
  },
  {
    "id": "efe3642b-b76f-49e7-9ede-b10a1a94445b",
    "data": [
      {
        "text": "what is antioxidant",
        "userDefined": false
      }
    ],
    "isTemplate": false,
    "count": 0,
    "lang": "en",
    "updated": 0
  },
  {
    "id": "5e044db1-0f00-4ab1-b85e-b94943b5ab00",
    "data": [
      {
        "text": "antioxidant",
        "userDefined": false
      }
    ],
    "isTemplate": false,
    "count": 0,
    "lang": "en",
    "updated": 0
  },
  {
    "id": "403f5dd7-e9e7-4d2f-afde-5d71e8d8e92e",
    "data": [
      {
        "text": "antioxidant by zinnia flower?",
        "userDefined": false
      }
    ],
    "isTemplate": false,
    "count": 0,
    "lang": "en",
    "updated": 0
  }
]