[
  {
    "id": "712e384f-99d8-46aa-956e-00b8586c1954",
    "data": [
      {
        "text": "ornamental",
        "userDefined": true
      },
      {
        "text": " for zinnia flowers",
        "userDefined": false
      }
    ],
    "isTemplate": false,
    "count": 0,
    "lang": "en",
    "updated": 0
  },
  {
    "id": "d54af75a-8330-4779-abb8-beb34c8099d3",
    "data": [
      {
        "text": "ornamental purposes",
        "userDefined": true
      },
      {
        "text": " for zinnia flowers",
        "userDefined": false
      }
    ],
    "isTemplate": false,
    "count": 0,
    "lang": "en",
    "updated": 0
  },
  {
    "id": "63b971f4-a0df-4b91-be60-e236e3f770c2",
    "data": [
      {
        "text": "ornamental purpose",
        "userDefined": true
      },
      {
        "text": " for zinnia flowers",
        "userDefined": false
      }
    ],
    "isTemplate": false,
    "count": 1,
    "lang": "en",
    "updated": 0
  },
  {
    "id": "15b221e1-bd91-4c71-841c-add8f3f0c77d",
    "data": [
      {
        "text": "ornamental purposes",
        "userDefined": true
      }
    ],
    "isTemplate": false,
    "count": 1,
    "lang": "en",
    "updated": 0
  },
  {
    "id": "67b1cdd4-ae53-498d-86bd-d37bdc342825",
    "data": [
      {
        "text": "ornamental",
        "userDefined": true
      },
      {
        "text": "?",
        "userDefined": false
      }
    ],
    "isTemplate": false,
    "count": 0,
    "lang": "en",
    "updated": 0
  },
  {
    "id": "fbe1188e-a5fc-4e96-a8b5-9c6efa8eef99",
    "data": [
      {
        "text": "what is the ",
        "userDefined": false
      },
      {
        "text": "ornamental purpose",
        "userDefined": true
      },
      {
        "text": "?",
        "userDefined": false
      }
    ],
    "isTemplate": false,
    "count": 0,
    "lang": "en",
    "updated": 0
  },
  {
    "id": "f772041b-f78e-473b-acc4-f1a07ea985bb",
    "data": [
      {
        "text": "Ornamental purpose",
        "userDefined": true
      }
    ],
    "isTemplate": false,
    "count": 0,
    "lang": "en",
    "updated": 0
  },
  {
    "id": "d904ec69-6b44-4f74-a94e-f4d2eb7a9128",
    "data": [
      {
        "text": "ornamental",
        "userDefined": false
      }
    ],
    "isTemplate": false,
    "count": 0,
    "lang": "en",
    "updated": 0
  }
]