[
  {
    "id": "a6980cc7-8ae5-40f8-8878-5657d2396280",
    "data": [
      {
        "text": "What else you can do",
        "userDefined": false
      }
    ],
    "isTemplate": false,
    "count": 0,
    "lang": "en",
    "updated": 0
  },
  {
    "id": "98d70c79-27fa-49a0-a237-65775bd2acf8",
    "data": [
      {
        "text": "can show girl photo?",
        "userDefined": false
      }
    ],
    "isTemplate": false,
    "count": 0,
    "lang": "en",
    "updated": 0
  },
  {
    "id": "739a3343-9959-4ca8-a355-f0cc4111e109",
    "data": [
      {
        "text": "where do you live?",
        "userDefined": false
      }
    ],
    "isTemplate": false,
    "count": 0,
    "lang": "en",
    "updated": 0
  },
  {
    "id": "967e1de6-204e-4a54-9c86-399cbb64154c",
    "data": [
      {
        "text": "what is the ideal temperature zinnias thrive in",
        "userDefined": false
      }
    ],
    "isTemplate": false,
    "count": 0,
    "lang": "en",
    "updated": 0
  },
  {
    "id": "5397c2c7-513b-4c6d-8b1f-32228e7509f1",
    "data": [
      {
        "text": "Can it grow at night?",
        "userDefined": false
      }
    ],
    "isTemplate": false,
    "count": 0,
    "lang": "en",
    "updated": 0
  },
  {
    "id": "7bea3355-6db7-48b1-9ff8-a07040c63936",
    "data": [
      {
        "text": "That wasn\u0027t what I asked though",
        "userDefined": false
      }
    ],
    "isTemplate": false,
    "count": 0,
    "lang": "en",
    "updated": 0
  },
  {
    "id": "ecc2cc48-192b-4a0d-9f28-abed067860a6",
    "data": [
      {
        "text": "Test",
        "userDefined": false
      }
    ],
    "isTemplate": false,
    "count": 0,
    "lang": "en",
    "updated": 0
  },
  {
    "id": "278bf901-3fbd-4f3b-a0a3-1da5d38d7dff",
    "data": [
      {
        "text": "Exit",
        "userDefined": false
      }
    ],
    "isTemplate": false,
    "count": 0,
    "lang": "en",
    "updated": 0
  },
  {
    "id": "ce897d8c-d923-48d4-b0a2-cadcd65383a2",
    "data": [
      {
        "text": "123",
        "userDefined": false
      }
    ],
    "isTemplate": false,
    "count": 0,
    "lang": "en",
    "updated": 0
  },
  {
    "id": "77b2688d-8612-4dae-8d49-610b6d68391d",
    "data": [
      {
        "text": "/exit",
        "userDefined": false
      }
    ],
    "isTemplate": false,
    "count": 0,
    "lang": "en",
    "updated": 0
  }
]