[
  {
    "id": "4c99b55c-b2f7-4beb-a45e-057f9ffdd8ab",
    "data": [
      {
        "text": "should i aware of the ",
        "userDefined": false
      },
      {
        "text": "soil",
        "userDefined": false
      },
      {
        "text": " while planting the zinnia flower?",
        "userDefined": false
      }
    ],
    "isTemplate": false,
    "count": 0,
    "lang": "en",
    "updated": 0
  },
  {
    "id": "97bea1cd-b347-488e-96b3-8dc770c8750b",
    "data": [
      {
        "text": "explain ",
        "userDefined": false
      },
      {
        "text": "soil",
        "userDefined": true
      },
      {
        "text": " for zinnia flower",
        "userDefined": false
      }
    ],
    "isTemplate": false,
    "count": 1,
    "lang": "en",
    "updated": 0
  },
  {
    "id": "c6173beb-e709-46e9-abf8-91a6f432e1ca",
    "data": [
      {
        "text": "does ",
        "userDefined": false
      },
      {
        "text": "soil",
        "userDefined": false
      },
      {
        "text": " will cause the grown of the zinnia flower?",
        "userDefined": false
      }
    ],
    "isTemplate": false,
    "count": 0,
    "lang": "en",
    "updated": 0
  },
  {
    "id": "611149d1-bc8a-4b2f-af43-4a3bb33fe6cb",
    "data": [
      {
        "text": "what happen to ",
        "userDefined": false
      },
      {
        "text": "soil",
        "userDefined": false
      },
      {
        "text": " for zinnia flower?",
        "userDefined": false
      }
    ],
    "isTemplate": false,
    "count": 0,
    "lang": "en",
    "updated": 0
  },
  {
    "id": "ea3edc36-87d1-421b-b378-f71ae70795f2",
    "data": [
      {
        "text": "how about ",
        "userDefined": false
      },
      {
        "text": "soil",
        "userDefined": false
      }
    ],
    "isTemplate": false,
    "count": 0,
    "lang": "en",
    "updated": 0
  },
  {
    "id": "a4db517c-e21d-47f9-8bd6-76d28a8544cc",
    "data": [
      {
        "text": "Soil",
        "userDefined": false
      }
    ],
    "isTemplate": false,
    "count": 0,
    "lang": "en",
    "updated": 0
  },
  {
    "id": "26d34cf3-3601-40c9-90e0-cf704312b8b1",
    "data": [
      {
        "text": "can you further explain the ",
        "userDefined": false
      },
      {
        "text": "Soil",
        "userDefined": false
      },
      {
        "text": " for zinnia flower?",
        "userDefined": false
      }
    ],
    "isTemplate": false,
    "count": 1,
    "lang": "en",
    "updated": 0
  },
  {
    "id": "4da745d5-e0b8-4d89-8d46-6f571f64df67",
    "data": [
      {
        "text": "can i know more about ",
        "userDefined": false
      },
      {
        "text": "soil",
        "userDefined": false
      },
      {
        "text": "?",
        "userDefined": false
      }
    ],
    "isTemplate": false,
    "count": 1,
    "lang": "en",
    "updated": 0
  },
  {
    "id": "5a867f57-fd8e-485d-a8e2-53ee4d8ef8f4",
    "data": [
      {
        "text": "can i know more about the soil?",
        "userDefined": false
      }
    ],
    "isTemplate": false,
    "count": 0,
    "lang": "en",
    "updated": 0
  }
]