[
  {
    "id": "c729b6ed-e708-41ae-8f5e-34b685c7658c",
    "data": [
      {
        "text": "division method",
        "userDefined": false
      }
    ],
    "isTemplate": false,
    "count": 0,
    "lang": "en",
    "updated": 0
  },
  {
    "id": "42e48e72-5f23-46c6-b529-f3c658c9b9a5",
    "data": [
      {
        "text": "division",
        "userDefined": false
      }
    ],
    "isTemplate": false,
    "count": 0,
    "lang": "en",
    "updated": 0
  },
  {
    "id": "d1236acc-a8ba-46c3-809e-d2e4e6c3cd50",
    "data": [
      {
        "text": "can explain more about the division",
        "userDefined": false
      }
    ],
    "isTemplate": false,
    "count": 0,
    "lang": "en",
    "updated": 0
  },
  {
    "id": "6f7fa53b-7a99-43ec-8b09-4286a548ba7b",
    "data": [
      {
        "text": "how to use division to plant zinnia flower",
        "userDefined": false
      }
    ],
    "isTemplate": false,
    "count": 0,
    "lang": "en",
    "updated": 0
  },
  {
    "id": "209b5dcb-258a-459c-b199-4bff79cbb31c",
    "data": [
      {
        "text": "division method is what",
        "userDefined": false
      }
    ],
    "isTemplate": false,
    "count": 0,
    "lang": "en",
    "updated": 0
  },
  {
    "id": "109b06d7-e376-4206-ab71-a2f73fd8238e",
    "data": [
      {
        "text": "division is what",
        "userDefined": false
      }
    ],
    "isTemplate": false,
    "count": 0,
    "lang": "en",
    "updated": 0
  },
  {
    "id": "46224472-498e-492c-8110-73e188815ae1",
    "data": [
      {
        "text": "what is division",
        "userDefined": false
      }
    ],
    "isTemplate": false,
    "count": 0,
    "lang": "en",
    "updated": 0
  },
  {
    "id": "f8959518-d0ea-4753-a7a7-2430738d5388",
    "data": [
      {
        "text": "what is division method",
        "userDefined": false
      }
    ],
    "isTemplate": false,
    "count": 0,
    "lang": "en",
    "updated": 0
  },
  {
    "id": "97110c59-cdbf-478d-b6a6-45ce3ad5d55d",
    "data": [
      {
        "text": "can you explain how to use division method for zinnia flower",
        "userDefined": false
      }
    ],
    "isTemplate": false,
    "count": 0,
    "lang": "en",
    "updated": 0
  },
  {
    "id": "64b58061-1f6f-4a4b-9b54-97bd835fa7c3",
    "data": [
      {
        "text": "can you explain division method",
        "userDefined": false
      }
    ],
    "isTemplate": false,
    "count": 0,
    "lang": "en",
    "updated": 0
  },
  {
    "id": "eb24364c-2b19-4c47-8e75-8a773553996b",
    "data": [
      {
        "text": "how to use division method to plant the zinnia flower",
        "userDefined": false
      }
    ],
    "isTemplate": false,
    "count": 0,
    "lang": "en",
    "updated": 0
  }
]