[
  {
    "id": "8d7d82e9-7ef5-43c2-ba19-38d55d8fe965",
    "data": [
      {
        "text": "How are zinnia flowers commonly used",
        "userDefined": false
      }
    ],
    "isTemplate": false,
    "count": 0,
    "lang": "en",
    "updated": 0
  },
  {
    "id": "52552301-75e6-4ee2-91ae-1ce0aa6c184f",
    "data": [
      {
        "text": "How are zinnias commonly used",
        "userDefined": false
      }
    ],
    "isTemplate": false,
    "count": 0,
    "lang": "en",
    "updated": 0
  },
  {
    "id": "f4b82217-d8e3-46a7-be44-fa4d49562e67",
    "data": [
      {
        "text": "How is zinnia flowers used",
        "userDefined": false
      }
    ],
    "isTemplate": false,
    "count": 0,
    "lang": "en",
    "updated": 0
  },
  {
    "id": "ad53db9c-9f48-4712-a9c9-23b76e4c24ea",
    "data": [
      {
        "text": "How is zinnias used",
        "userDefined": false
      }
    ],
    "isTemplate": false,
    "count": 0,
    "lang": "en",
    "updated": 0
  },
  {
    "id": "1902d097-1383-47ef-955a-f339cb499707",
    "data": [
      {
        "text": "What are the uses of zinnia flowers",
        "userDefined": false
      }
    ],
    "isTemplate": false,
    "count": 0,
    "lang": "en",
    "updated": 0
  },
  {
    "id": "18064ad6-0623-40be-9473-879913e67a5a",
    "data": [
      {
        "text": "What are the uses of zinnias",
        "userDefined": false
      }
    ],
    "isTemplate": false,
    "count": 0,
    "lang": "en",
    "updated": 0
  },
  {
    "id": "049c86a5-b9ab-4de6-af84-7c404bfc86c4",
    "data": [
      {
        "text": "How can zinnia flowers be used",
        "userDefined": false
      }
    ],
    "isTemplate": false,
    "count": 0,
    "lang": "en",
    "updated": 0
  },
  {
    "id": "d2395916-3b5a-4619-a48f-a6be454c1902",
    "data": [
      {
        "text": "How can zinnias be used",
        "userDefined": false
      }
    ],
    "isTemplate": false,
    "count": 0,
    "lang": "en",
    "updated": 0
  },
  {
    "id": "5760f647-2021-49ba-a656-3a4b94b276ef",
    "data": [
      {
        "text": "usage",
        "userDefined": false
      }
    ],
    "isTemplate": false,
    "count": 17,
    "lang": "en",
    "updated": 0
  },
  {
    "id": "b42694c9-92a0-4277-a681-3afb8823005e",
    "data": [
      {
        "text": "zinnia flower usage",
        "userDefined": false
      }
    ],
    "isTemplate": false,
    "count": 0,
    "lang": "en",
    "updated": 0
  },
  {
    "id": "113714ab-65dc-4b72-a7d5-fa0fbe0d471d",
    "data": [
      {
        "text": "usage zinnia flower",
        "userDefined": false
      }
    ],
    "isTemplate": false,
    "count": 0,
    "lang": "en",
    "updated": 0
  },
  {
    "id": "5448d83b-2341-488d-9d86-9df4fcc1ae7e",
    "data": [
      {
        "text": "Any usage of ZInnia flower?",
        "userDefined": false
      }
    ],
    "isTemplate": false,
    "count": 0,
    "lang": "en",
    "updated": 0
  },
  {
    "id": "b3522163-e50d-4617-a89d-1dacc6935ffa",
    "data": [
      {
        "text": "What is the usage of Zinnia flower?",
        "userDefined": false
      }
    ],
    "isTemplate": false,
    "count": 0,
    "lang": "en",
    "updated": 0
  },
  {
    "id": "3947292a-7f35-445d-a09c-1a5116b3f0a5",
    "data": [
      {
        "text": "any uses of zinnia flower?",
        "userDefined": false
      }
    ],
    "isTemplate": false,
    "count": 1,
    "lang": "en",
    "updated": 0
  }
]