[
  {
    "id": "abd62f27-dcdc-4f1f-9d33-3680f0385a26",
    "data": [
      {
        "text": "Color of Zinnia flower",
        "userDefined": false
      }
    ],
    "isTemplate": false,
    "count": 0,
    "lang": "en",
    "updated": 0
  },
  {
    "id": "ec84b6e0-79e2-4011-b628-80b714c6c522",
    "data": [
      {
        "text": "Can you list some colors varieties of Zinnia flowers?",
        "userDefined": false
      }
    ],
    "isTemplate": false,
    "count": 0,
    "lang": "en",
    "updated": 0
  },
  {
    "id": "afa972ee-b1e3-40ef-9942-582c46818d0f",
    "data": [
      {
        "text": "Can you list some colors varieties of Zinnia?",
        "userDefined": false
      }
    ],
    "isTemplate": false,
    "count": 0,
    "lang": "en",
    "updated": 0
  },
  {
    "id": "ca6a04d1-68a8-477f-a5f4-959b84f1e273",
    "data": [
      {
        "text": "What are the different colors of Zinnia flowers?",
        "userDefined": false
      }
    ],
    "isTemplate": false,
    "count": 0,
    "lang": "en",
    "updated": 0
  },
  {
    "id": "2dfb6cca-6011-4b11-aea3-65ba237ccded",
    "data": [
      {
        "text": "What are the different colors available in Zinnias?",
        "userDefined": false
      }
    ],
    "isTemplate": false,
    "count": 0,
    "lang": "en",
    "updated": 0
  },
  {
    "id": "da71ed64-185d-423f-94f5-5a578069347a",
    "data": [
      {
        "text": "What are the different colors available in Zinnia flowers?",
        "userDefined": false
      }
    ],
    "isTemplate": false,
    "count": 0,
    "lang": "en",
    "updated": 0
  },
  {
    "id": "01fe8e27-5eca-473b-aeb6-94fef5c3465a",
    "data": [
      {
        "text": "The colors",
        "userDefined": false
      }
    ],
    "isTemplate": false,
    "count": 0,
    "lang": "en",
    "updated": 0
  },
  {
    "id": "ced509d4-ef8c-41db-ac58-21b8ccc9457a",
    "data": [
      {
        "text": "can I know what are the color variant of zinnia flower?",
        "userDefined": false
      }
    ],
    "isTemplate": false,
    "count": 0,
    "lang": "en",
    "updated": 0
  },
  {
    "id": "a8187fb1-f0c4-4628-a852-5541a3106a08",
    "data": [
      {
        "text": "what color do zinnia flower have?",
        "userDefined": false
      }
    ],
    "isTemplate": false,
    "count": 0,
    "lang": "en",
    "updated": 0
  },
  {
    "id": "5a58f246-68d8-4ef0-9f41-e4067f42dbcd",
    "data": [
      {
        "text": "what colors can zinnias have",
        "userDefined": false
      }
    ],
    "isTemplate": false,
    "count": 4,
    "lang": "en",
    "updated": 0
  }
]