[
  {
    "id": "3bb8e26a-0193-4545-81bd-1911dbc3fe0d",
    "data": [
      {
        "text": "do you know about other ",
        "userDefined": false
      },
      {
        "text": "flower",
        "userDefined": false
      }
    ],
    "isTemplate": false,
    "count": 0,
    "lang": "en",
    "updated": 0
  },
  {
    "id": "07ffc643-6d34-487a-9db7-27a13f084fbd",
    "data": [
      {
        "text": "do you know about sunflower",
        "userDefined": false
      }
    ],
    "isTemplate": false,
    "count": 0,
    "lang": "en",
    "updated": 0
  },
  {
    "id": "e531169d-de98-4140-a1bd-f00a736a5f0c",
    "data": [
      {
        "text": "do you know about ",
        "userDefined": false
      },
      {
        "text": "rose",
        "userDefined": false
      }
    ],
    "isTemplate": false,
    "count": 0,
    "lang": "en",
    "updated": 0
  },
  {
    "id": "40df8331-3319-4f9e-9214-03e19f5836a2",
    "data": [
      {
        "text": "do you know anything other than Zinnia ",
        "userDefined": false
      },
      {
        "text": "flower",
        "userDefined": false
      }
    ],
    "isTemplate": false,
    "count": 0,
    "lang": "en",
    "updated": 0
  },
  {
    "data": [
      {
        "text": "do you know ",
        "userDefined": false
      },
      {
        "text": "rose",
        "userDefined": false
      },
      {
        "text": "?",
        "userDefined": false
      }
    ],
    "isTemplate": false,
    "count": 0,
    "lang": "en",
    "updated": 0
  },
  {
    "data": [
      {
        "text": "what flower do you know?",
        "userDefined": false
      }
    ],
    "isTemplate": false,
    "count": 0,
    "lang": "en",
    "updated": 0
  }
]