[
  {
    "id": "91a5f6e4-b125-4c64-896f-b30f1c7086e0",
    "data": [
      {
        "text": "Is ",
        "userDefined": false
      },
      {
        "text": "deheading",
        "meta": "@attention-list",
        "alias": "attention-list",
        "userDefined": true
      },
      {
        "text": " important?",
        "userDefined": false
      }
    ],
    "isTemplate": false,
    "count": 1,
    "lang": "en",
    "updated": 0
  },
  {
    "id": "12e4bdfc-a7cb-463a-a898-839fd0ae4ad7",
    "data": [
      {
        "text": "What is ",
        "userDefined": false
      },
      {
        "text": "deheading",
        "meta": "@attention-list",
        "alias": "attention-list",
        "userDefined": true
      }
    ],
    "isTemplate": false,
    "count": 0,
    "lang": "en",
    "updated": 0
  },
  {
    "id": "67bd7a70-5c3c-4326-8236-17c373770a42",
    "data": [
      {
        "text": "Should I ",
        "userDefined": false
      },
      {
        "text": "dehead",
        "meta": "@attention-list",
        "alias": "attention-list",
        "userDefined": true
      },
      {
        "text": " zinnias?",
        "userDefined": false
      }
    ],
    "isTemplate": false,
    "count": 0,
    "lang": "en",
    "updated": 0
  },
  {
    "id": "f94bc49a-f113-4f4d-b85e-d78cb36876b4",
    "data": [
      {
        "text": "can you explain more on the ",
        "userDefined": false
      },
      {
        "text": "deadheading",
        "meta": "@attention-list",
        "alias": "attention-list",
        "userDefined": false
      },
      {
        "text": " part?",
        "userDefined": false
      }
    ],
    "isTemplate": false,
    "count": 0,
    "lang": "en",
    "updated": 0
  },
  {
    "id": "14403764-f0cb-40ac-b10f-8837b6d30a62",
    "data": [
      {
        "text": "should I aware of the ",
        "userDefined": false
      },
      {
        "text": "deadheading",
        "meta": "@attention-list",
        "alias": "attention-list",
        "userDefined": false
      },
      {
        "text": " while planting the zinnia flower?",
        "userDefined": false
      }
    ],
    "isTemplate": false,
    "count": 0,
    "lang": "en",
    "updated": 0
  },
  {
    "id": "6a060c00-7c7e-420b-8066-87e9bfe6ef77",
    "data": [
      {
        "text": "does ",
        "userDefined": false
      },
      {
        "text": "deadheading",
        "meta": "@attention-list",
        "alias": "attention-list",
        "userDefined": false
      },
      {
        "text": " will cause the grown of zinnia flower",
        "userDefined": false
      }
    ],
    "isTemplate": false,
    "count": 0,
    "lang": "en",
    "updated": 0
  },
  {
    "id": "7fbc74d8-abe6-4a09-8a42-e7a570bb2f80",
    "data": [
      {
        "text": "what will ",
        "userDefined": false
      },
      {
        "text": "deadheading",
        "meta": "@attention-list",
        "alias": "attention-list",
        "userDefined": false
      },
      {
        "text": " do to zinnia flower",
        "userDefined": false
      }
    ],
    "isTemplate": false,
    "count": 0,
    "lang": "en",
    "updated": 0
  },
  {
    "id": "4498368f-cea2-4045-a35d-1aafd5e5400f",
    "data": [
      {
        "text": "explain ",
        "userDefined": false
      },
      {
        "text": "deadheading",
        "meta": "@attention-list",
        "alias": "attention-list",
        "userDefined": false
      },
      {
        "text": " for zinnia flower",
        "userDefined": false
      }
    ],
    "isTemplate": false,
    "count": 0,
    "lang": "en",
    "updated": 0
  },
  {
    "id": "a4924c4e-3e2f-431d-88a8-a76df6fd6e58",
    "data": [
      {
        "text": "what happen to ",
        "userDefined": false
      },
      {
        "text": "deadheading",
        "meta": "@attention-list",
        "alias": "attention-list",
        "userDefined": false
      },
      {
        "text": " for zinnia flower?",
        "userDefined": false
      }
    ],
    "isTemplate": false,
    "count": 0,
    "lang": "en",
    "updated": 0
  },
  {
    "id": "3e7f9c68-aa97-446c-93c5-b2aeef572c73",
    "data": [
      {
        "text": "how about ",
        "userDefined": false
      },
      {
        "text": "Deadheading",
        "meta": "@attention-list",
        "alias": "attention-list",
        "userDefined": false
      }
    ],
    "isTemplate": false,
    "count": 0,
    "lang": "en",
    "updated": 0
  },
  {
    "id": "9d2a16bd-b1b6-4861-bd42-74a7d4014b03",
    "data": [
      {
        "text": "Deadheading",
        "meta": "@attention-list",
        "alias": "attention-list",
        "userDefined": false
      }
    ],
    "isTemplate": false,
    "count": 1,
    "lang": "en",
    "updated": 0
  },
  {
    "id": "15556c1f-90e1-496c-b172-63f6f8b4282c",
    "data": [
      {
        "text": "explain more on the ",
        "userDefined": false
      },
      {
        "text": "deadheading",
        "meta": "@attention-list",
        "alias": "attention-list",
        "userDefined": false
      },
      {
        "text": "?",
        "userDefined": false
      }
    ],
    "isTemplate": false,
    "count": 1,
    "lang": "en",
    "updated": 0
  },
  {
    "id": "fb89a322-810d-4cc2-892e-3e8f0ff88bed",
    "data": [
      {
        "text": "explain more on the deadheading?",
        "userDefined": false
      }
    ],
    "isTemplate": false,
    "count": 0,
    "lang": "en",
    "updated": 0
  }
]