[
  {
    "id": "92ba24fe-6f57-4b66-86e0-3148f7a4f583",
    "data": [
      {
        "text": "sunlight",
        "meta": "@attention-list",
        "alias": "attention-list",
        "userDefined": true
      },
      {
        "text": " will cause what to zinnia flower",
        "userDefined": false
      }
    ],
    "isTemplate": false,
    "count": 0,
    "lang": "en",
    "updated": 0
  },
  {
    "id": "f8e8cf0f-880c-4497-9ba9-827ed16c7c10",
    "data": [
      {
        "text": "sunlight",
        "meta": "@attention-list",
        "alias": "attention-list",
        "userDefined": true
      },
      {
        "text": " for zinnia flower",
        "userDefined": false
      }
    ],
    "isTemplate": false,
    "count": 0,
    "lang": "en",
    "updated": 0
  },
  {
    "id": "2e7409a7-afd4-40f6-bcf8-bb7d5e00f92b",
    "data": [
      {
        "text": "sunlight",
        "meta": "@attention-list",
        "alias": "attention-list",
        "userDefined": true
      }
    ],
    "isTemplate": false,
    "count": 3,
    "lang": "en",
    "updated": 0
  },
  {
    "id": "e131d077-7e37-43b7-9b75-6049c35926e5",
    "data": [
      {
        "text": "what happen to ",
        "userDefined": false
      },
      {
        "text": "sunlight",
        "meta": "@attention-list",
        "alias": "attention-list",
        "userDefined": true
      },
      {
        "text": " with zinnia flower",
        "userDefined": false
      }
    ],
    "isTemplate": false,
    "count": 0,
    "lang": "en",
    "updated": 0
  },
  {
    "id": "b60e13e5-f257-47ee-bf5a-53a42cd3c372",
    "data": [
      {
        "text": "can you further explain about the ",
        "userDefined": false
      },
      {
        "text": "sunlight",
        "meta": "@attention-list",
        "alias": "attention-list",
        "userDefined": true
      }
    ],
    "isTemplate": false,
    "count": 0,
    "lang": "en",
    "updated": 0
  },
  {
    "id": "a499c52f-692a-4c7c-9017-e3c4a32115a1",
    "data": [
      {
        "text": "hmm can you further explain about the ",
        "userDefined": false
      },
      {
        "text": "spacing",
        "meta": "@attention-list",
        "alias": "attention-list",
        "userDefined": false
      },
      {
        "text": "?",
        "userDefined": false
      }
    ],
    "isTemplate": false,
    "count": 0,
    "lang": "en",
    "updated": 0
  },
  {
    "id": "6775465b-012d-457a-8746-3b3ec22c1777",
    "data": [
      {
        "text": "Sunlight",
        "meta": "@attention-list",
        "alias": "attention-list",
        "userDefined": false
      },
      {
        "text": "?",
        "userDefined": false
      }
    ],
    "isTemplate": false,
    "count": 0,
    "lang": "en",
    "updated": 0
  },
  {
    "id": "b7446de4-2163-4bb1-a9f4-4d8fa17bc963",
    "data": [
      {
        "text": "how much ",
        "userDefined": false
      },
      {
        "text": "sunlight",
        "meta": "@attention-list",
        "alias": "attention-list",
        "userDefined": false
      },
      {
        "text": " do zinnias need?",
        "userDefined": false
      }
    ],
    "isTemplate": false,
    "count": 1,
    "lang": "en",
    "updated": 0
  }
]