[
  {
    "id": "b90886e3-e616-4ba2-b730-8bfa1e14c142",
    "data": [
      {
        "text": "pollinatorattractant",
        "meta": "@usage-list",
        "alias": "usage-list",
        "userDefined": false
      }
    ],
    "isTemplate": false,
    "count": 0,
    "lang": "en",
    "updated": 0
  },
  {
    "id": "3d2544d4-9f56-4816-b117-df744441f913",
    "data": [
      {
        "text": "pollinator attractant",
        "meta": "@usage-list",
        "alias": "usage-list",
        "userDefined": false
      }
    ],
    "isTemplate": false,
    "count": 0,
    "lang": "en",
    "updated": 0
  },
  {
    "id": "a591de90-5b86-4b4d-8361-8f357dbeee8f",
    "data": [
      {
        "text": "pollinator",
        "meta": "@usage-list",
        "alias": "usage-list",
        "userDefined": false
      }
    ],
    "isTemplate": false,
    "count": 0,
    "lang": "en",
    "updated": 0
  },
  {
    "id": "990e4f0c-4a6f-4b55-8cf6-591a3bf3a69d",
    "data": [
      {
        "text": "attractant",
        "meta": "@usage-list",
        "alias": "usage-list",
        "userDefined": false
      }
    ],
    "isTemplate": false,
    "count": 0,
    "lang": "en",
    "updated": 0
  },
  {
    "id": "5713b873-0ded-4383-a86a-79466a9e396a",
    "data": [
      {
        "text": "what is ",
        "userDefined": false
      },
      {
        "text": "pollinator attractant",
        "meta": "@usage-list",
        "alias": "usage-list",
        "userDefined": false
      },
      {
        "text": " for zinnia ",
        "userDefined": false
      },
      {
        "text": "flower",
        "userDefined": false
      }
    ],
    "isTemplate": false,
    "count": 0,
    "lang": "en",
    "updated": 0
  },
  {
    "id": "afff8840-14eb-4f90-bc57-85cbf0753d16",
    "data": [
      {
        "text": "pollinator attractant",
        "meta": "@usage-list",
        "alias": "usage-list",
        "userDefined": false
      },
      {
        "text": " for zinnia ",
        "userDefined": false
      },
      {
        "text": "flower",
        "userDefined": false
      }
    ],
    "isTemplate": false,
    "count": 0,
    "lang": "en",
    "updated": 0
  },
  {
    "id": "fb18590d-f536-4746-a5f6-f93095b96372",
    "data": [
      {
        "text": "what is ",
        "userDefined": false
      },
      {
        "text": "pollinator attractant purpose",
        "meta": "@usage-list",
        "alias": "usage-list",
        "userDefined": false
      },
      {
        "text": " for zinnia ",
        "userDefined": false
      },
      {
        "text": "flower",
        "userDefined": false
      }
    ],
    "isTemplate": false,
    "count": 0,
    "lang": "en",
    "updated": 0
  },
  {
    "id": "fbc0512f-8486-4baa-9e5b-d150f62040fa",
    "data": [
      {
        "text": "pollinator attractant purpose",
        "meta": "@usage-list",
        "alias": "usage-list",
        "userDefined": false
      },
      {
        "text": " for zinnia ",
        "userDefined": false
      },
      {
        "text": "flower",
        "userDefined": false
      }
    ],
    "isTemplate": false,
    "count": 0,
    "lang": "en",
    "updated": 0
  }
]