[
  {
    "id": "cc6f0a50-8910-4eef-b886-a6ff8008fe01",
    "data": [
      {
        "text": "How can zinnias be used",
        "userDefined": false
      }
    ],
    "isTemplate": false,
    "count": 0,
    "lang": "en",
    "updated": 0
  },
  {
    "id": "e8ab3a12-9d9f-4008-945f-4605d84bb3a7",
    "data": [
      {
        "text": "What are the uses of zinnia flowers",
        "userDefined": false
      }
    ],
    "isTemplate": false,
    "count": 0,
    "lang": "en",
    "updated": 0
  },
  {
    "id": "87bb4328-961a-4362-adca-988df28c5a32",
    "data": [
      {
        "text": "What can zinnias be used for",
        "userDefined": false
      }
    ],
    "isTemplate": false,
    "count": 1,
    "lang": "en",
    "updated": 0
  },
  {
    "id": "6c3f25dc-ccfb-4462-bc9c-457391ab135b",
    "data": [
      {
        "text": "What do we get from zinnia flowers",
        "userDefined": false
      }
    ],
    "isTemplate": false,
    "count": 0,
    "lang": "en",
    "updated": 0
  },
  {
    "id": "7d3b4f4d-c70a-48ca-92f4-0acb67f0429e",
    "data": [
      {
        "text": "what are the goods of zinnia flower?",
        "userDefined": false
      }
    ],
    "isTemplate": false,
    "count": 0,
    "lang": "en",
    "updated": 0
  },
  {
    "id": "5e281261-3833-4c69-b6b4-db964c78c0cd",
    "data": [
      {
        "text": "goods of zinnia flower",
        "userDefined": false
      }
    ],
    "isTemplate": false,
    "count": 0,
    "lang": "en",
    "updated": 0
  },
  {
    "id": "c94f0352-5bf9-420b-a1b1-5d12830ecb0e",
    "data": [
      {
        "text": "benefit zinnia flower",
        "userDefined": false
      }
    ],
    "isTemplate": false,
    "count": 0,
    "lang": "en",
    "updated": 0
  },
  {
    "id": "a8f1b133-2bb2-4d89-84e2-bfd17fb89ff0",
    "data": [
      {
        "text": "benefit of zinnia flower",
        "userDefined": false
      }
    ],
    "isTemplate": false,
    "count": 0,
    "lang": "en",
    "updated": 0
  },
  {
    "id": "85f8ee45-8b7b-4164-b24d-0dbe3e266a62",
    "data": [
      {
        "text": "what are the benefits for zinnia flower?",
        "userDefined": false
      }
    ],
    "isTemplate": false,
    "count": 0,
    "lang": "en",
    "updated": 0
  },
  {
    "id": "2abb3389-941c-435c-85a1-e7a82a55b246",
    "data": [
      {
        "text": "any benefit of zinnia flower?",
        "userDefined": false
      }
    ],
    "isTemplate": false,
    "count": 1,
    "lang": "en",
    "updated": 0
  }
]