[
  {
    "id": "b671750c-15ed-40c0-9a63-aa63f79809bf",
    "data": [
      {
        "text": "Easy step to plant Zinnia flower",
        "userDefined": false
      }
    ],
    "isTemplate": false,
    "count": 0,
    "lang": "en",
    "updated": 0
  },
  {
    "id": "30131aa8-db15-4921-91f5-ad27d9289c2d",
    "data": [
      {
        "text": "instruction to plant Zinnia flower",
        "userDefined": false
      }
    ],
    "isTemplate": false,
    "count": 0,
    "lang": "en",
    "updated": 0
  },
  {
    "id": "fec8baae-4601-4d3a-949a-e33406448a6b",
    "data": [
      {
        "text": "Step plant Zinnia flower",
        "userDefined": false
      }
    ],
    "isTemplate": false,
    "count": 0,
    "lang": "en",
    "updated": 0
  },
  {
    "id": "b012ea98-48a7-47fc-915b-906b0ec0998f",
    "data": [
      {
        "text": "What is the instruction to plant the Zinnia Flower",
        "userDefined": false
      }
    ],
    "isTemplate": false,
    "count": 0,
    "lang": "en",
    "updated": 0
  },
  {
    "id": "f79e7411-5032-40de-b03d-f690db2f7de0",
    "data": [
      {
        "text": "What is the step to plant the Zinnia flower?",
        "userDefined": false
      }
    ],
    "isTemplate": false,
    "count": 0,
    "lang": "en",
    "updated": 0
  },
  {
    "id": "f555cdf8-11db-4131-9bbe-89fb63a57983",
    "data": [
      {
        "text": "Can I get the simple step instruction for children or novice to plant the Zinnia flower in ",
        "userDefined": false
      },
      {
        "text": "malaysia",
        "meta": "@sys.geo-country",
        "alias": "geo-country",
        "userDefined": false
      }
    ],
    "isTemplate": false,
    "count": 0,
    "lang": "en",
    "updated": 0
  },
  {
    "id": "a714d787-2f58-46e9-8f36-9622aa9e7948",
    "data": [
      {
        "text": "What are the step to plant the Zinnia flower",
        "userDefined": false
      }
    ],
    "isTemplate": false,
    "count": 0,
    "lang": "en",
    "updated": 0
  },
  {
    "data": [
      {
        "text": "what are the step to plant zinnia flower?",
        "userDefined": false
      }
    ],
    "isTemplate": false,
    "count": 0,
    "lang": "en",
    "updated": 0
  },
  {
    "data": [
      {
        "text": "okay I need help on what are the step of planting the zinnia flower",
        "userDefined": false
      }
    ],
    "isTemplate": false,
    "count": 2,
    "lang": "en",
    "updated": 0
  },
  {
    "data": [
      {
        "text": "what are the soil condition for planting zinnia flower?",
        "userDefined": false
      }
    ],
    "isTemplate": false,
    "count": 1,
    "lang": "en",
    "updated": 0
  }
]