[
  {
    "id": "9c9062ba-562a-452b-8937-4a06e5648d22",
    "data": [
      {
        "text": "attention",
        "userDefined": true
      },
      {
        "text": " while planting zinnia flower",
        "userDefined": false
      }
    ],
    "isTemplate": false,
    "count": 0,
    "lang": "en",
    "updated": 0
  },
  {
    "id": "c92f10e2-97b7-4759-a92c-b026bb016ddc",
    "data": [
      {
        "text": "main thing to pay ",
        "userDefined": false
      },
      {
        "text": "attention",
        "userDefined": true
      },
      {
        "text": " to planting zinnia flower",
        "userDefined": false
      }
    ],
    "isTemplate": false,
    "count": 0,
    "lang": "en",
    "updated": 0
  },
  {
    "id": "ef53ed77-33de-4d7d-882d-7ea4aaefca98",
    "data": [
      {
        "text": "attention",
        "userDefined": true
      },
      {
        "text": " for planting zinnia flower",
        "userDefined": false
      }
    ],
    "isTemplate": false,
    "count": 0,
    "lang": "en",
    "updated": 0
  },
  {
    "id": "cf1a1f2b-2de8-4f26-bbde-1bda203c3f7d",
    "data": [
      {
        "text": "attention",
        "userDefined": true
      },
      {
        "text": " plant zinnia flower",
        "userDefined": false
      }
    ],
    "isTemplate": false,
    "count": 0,
    "lang": "en",
    "updated": 0
  },
  {
    "id": "6fa8236e-5da7-43df-a869-b76a8bdf6e4a",
    "data": [
      {
        "text": "attention",
        "userDefined": true
      },
      {
        "text": " to plant zinnia flower",
        "userDefined": false
      }
    ],
    "isTemplate": false,
    "count": 8,
    "lang": "en",
    "updated": 0
  },
  {
    "id": "e50dd4d4-55f4-406c-95ce-f9ca7ab471e1",
    "data": [
      {
        "text": "alright then could you explain what the ",
        "userDefined": false
      },
      {
        "text": "attention",
        "userDefined": true
      },
      {
        "text": " are should pay on planting zinnia flower ?",
        "userDefined": false
      }
    ],
    "isTemplate": false,
    "count": 0,
    "lang": "en",
    "updated": 0
  },
  {
    "id": "ab3e9a0f-2338-4643-88d8-fbf3c4b0ed49",
    "data": [
      {
        "text": "attention",
        "userDefined": true
      },
      {
        "text": " to planting zinnia flower?",
        "userDefined": false
      }
    ],
    "isTemplate": false,
    "count": 1,
    "lang": "en",
    "updated": 0
  },
  {
    "id": "38073b53-a690-4399-814c-84ef878908bb",
    "data": [
      {
        "text": "what is the things should made ",
        "userDefined": false
      },
      {
        "text": "attention",
        "userDefined": true
      },
      {
        "text": " when planting zinnia flower?",
        "userDefined": false
      }
    ],
    "isTemplate": false,
    "count": 0,
    "lang": "en",
    "updated": 0
  },
  {
    "id": "a5cd8733-6f1f-4835-985e-e65a38fad704",
    "data": [
      {
        "text": "Okay can i know what is the ",
        "userDefined": false
      },
      {
        "text": "attention",
        "userDefined": true
      },
      {
        "text": " should be aware of?",
        "userDefined": false
      }
    ],
    "isTemplate": false,
    "count": 0,
    "lang": "en",
    "updated": 0
  },
  {
    "id": "47f231dc-99ee-4138-9a28-69e332cd13b8",
    "data": [
      {
        "text": "attention",
        "userDefined": true
      },
      {
        "text": "?",
        "userDefined": false
      }
    ],
    "isTemplate": false,
    "count": 0,
    "lang": "en",
    "updated": 0
  },
  {
    "id": "7d64bddd-ec30-4ddd-b991-07ab5a2c1ff3",
    "data": [
      {
        "text": "What I do I need to pay attention to when plating zinnias?",
        "userDefined": false
      }
    ],
    "isTemplate": false,
    "count": 0,
    "lang": "en",
    "updated": 0
  },
  {
    "id": "c0da9620-49ce-417a-8539-e1a9750253cc",
    "data": [
      {
        "text": "What should I be aware of when planting zinnias",
        "userDefined": false
      }
    ],
    "isTemplate": false,
    "count": 0,
    "lang": "en",
    "updated": 0
  },
  {
    "id": "20976977-434c-43e7-82e6-48975d265e6d",
    "data": [
      {
        "text": "attention while planting Zinnia Flower?",
        "userDefined": false
      }
    ],
    "isTemplate": false,
    "count": 3,
    "lang": "en",
    "updated": 0
  },
  {
    "id": "c4564332-0fa6-40bb-8ab9-14a9e7a4e4cc",
    "data": [
      {
        "text": "Can i know what are the attention while planting Zinnia Flower?",
        "userDefined": false
      }
    ],
    "isTemplate": false,
    "count": 0,
    "lang": "en",
    "updated": 0
  },
  {
    "id": "0742bf40-7f1e-447e-9a83-5df7df7a217e",
    "data": [
      {
        "text": "attention?",
        "userDefined": false
      }
    ],
    "isTemplate": false,
    "count": 0,
    "lang": "en",
    "updated": 0
  },
  {
    "id": "28322d9b-46dd-41d9-aeba-fb965f3bb534",
    "data": [
      {
        "text": "any attention needed when planting zinnia flower?",
        "userDefined": false
      }
    ],
    "isTemplate": false,
    "count": 1,
    "lang": "en",
    "updated": 0
  },
  {
    "id": "c908c56e-30db-4840-b1c0-9ff824267215",
    "data": [
      {
        "text": "any other things need to pay attention too?",
        "userDefined": false
      }
    ],
    "isTemplate": false,
    "count": 2,
    "lang": "en",
    "updated": 0
  },
  {
    "id": "ed2714f1-0a0f-49c7-b089-83e8365b38c2",
    "data": [
      {
        "text": "what do we need to pay attention to when planting zinnias?",
        "userDefined": false
      }
    ],
    "isTemplate": false,
    "count": 1,
    "lang": "en",
    "updated": 0
  }
]