[
  {
    "id": "694fcdda-c3a1-4577-bd55-13090d46a43c",
    "data": [
      {
        "text": "how much ",
        "userDefined": false
      },
      {
        "text": "sunlight",
        "meta": "@attention-list",
        "alias": "attention-list",
        "userDefined": false
      },
      {
        "text": " do zinnias need?",
        "userDefined": false
      }
    ],
    "isTemplate": false,
    "count": 0,
    "lang": "en",
    "updated": 0
  },
  {
    "id": "aa5a488c-4916-4445-9fba-c7147117b9a9",
    "data": [
      {
        "text": "Sunlight",
        "meta": "@attention-list",
        "alias": "attention-list",
        "userDefined": false
      },
      {
        "text": "?",
        "userDefined": false
      }
    ],
    "isTemplate": false,
    "count": 0,
    "lang": "en",
    "updated": 0
  },
  {
    "id": "94745f02-3479-48b8-bff4-8d404e813224",
    "data": [
      {
        "text": "hmm can you further explain about the ",
        "userDefined": false
      },
      {
        "text": "spacing",
        "meta": "@attention-list",
        "alias": "attention-list",
        "userDefined": false
      },
      {
        "text": "?",
        "userDefined": false
      }
    ],
    "isTemplate": false,
    "count": 0,
    "lang": "en",
    "updated": 0
  },
  {
    "id": "cae38e36-eab2-400d-95ea-3b4897cb5df0",
    "data": [
      {
        "text": "can you further explain about the ",
        "userDefined": false
      },
      {
        "text": "sunlight",
        "meta": "@attention-list",
        "alias": "attention-list",
        "userDefined": false
      }
    ],
    "isTemplate": false,
    "count": 0,
    "lang": "en",
    "updated": 0
  },
  {
    "id": "a51bb474-2bf9-4601-a7f1-758d6ceb8400",
    "data": [
      {
        "text": "what happen to ",
        "userDefined": false
      },
      {
        "text": "sunlight",
        "meta": "@attention-list",
        "alias": "attention-list",
        "userDefined": false
      },
      {
        "text": " with zinnia ",
        "userDefined": false
      },
      {
        "text": "flower",
        "userDefined": false
      }
    ],
    "isTemplate": false,
    "count": 0,
    "lang": "en",
    "updated": 0
  },
  {
    "id": "511d7c5d-8634-433f-9b3e-41a434d21877",
    "data": [
      {
        "text": "sunlight",
        "meta": "@attention-list",
        "alias": "attention-list",
        "userDefined": false
      }
    ],
    "isTemplate": false,
    "count": 0,
    "lang": "en",
    "updated": 0
  },
  {
    "id": "0a63eff1-4f2d-406e-ad27-36f36b0d4960",
    "data": [
      {
        "text": "sunlight",
        "meta": "@attention-list",
        "alias": "attention-list",
        "userDefined": false
      },
      {
        "text": " for zinnia ",
        "userDefined": false
      },
      {
        "text": "flower",
        "userDefined": false
      }
    ],
    "isTemplate": false,
    "count": 0,
    "lang": "en",
    "updated": 0
  },
  {
    "id": "a895948c-bd93-41f7-a328-0d975636842c",
    "data": [
      {
        "text": "sunlight",
        "meta": "@attention-list",
        "alias": "attention-list",
        "userDefined": false
      },
      {
        "text": " ",
        "userDefined": false
      },
      {
        "text": "will",
        "userDefined": false
      },
      {
        "text": " cause what to zinnia ",
        "userDefined": false
      },
      {
        "text": "flower",
        "userDefined": false
      }
    ],
    "isTemplate": false,
    "count": 0,
    "lang": "en",
    "updated": 0
  }
]