[
  {
    "id": "60dca6f9-33ca-4f5d-b503-ec7724f6d430",
    "data": [
      {
        "text": "Ornamental purpose",
        "meta": "@usage-list",
        "alias": "usage-list",
        "userDefined": false
      }
    ],
    "isTemplate": false,
    "count": 0,
    "lang": "en",
    "updated": 0
  },
  {
    "id": "a76cd82d-7d88-47e9-87d8-2ea5af9cfcbb",
    "data": [
      {
        "text": "what is the ",
        "userDefined": false
      },
      {
        "text": "ornamental purpose",
        "meta": "@usage-list",
        "alias": "usage-list",
        "userDefined": false
      },
      {
        "text": "?",
        "userDefined": false
      }
    ],
    "isTemplate": false,
    "count": 0,
    "lang": "en",
    "updated": 0
  },
  {
    "id": "2d110009-fc81-41ac-b460-b3408cf2694e",
    "data": [
      {
        "text": "ornamental",
        "meta": "@usage-list",
        "alias": "usage-list",
        "userDefined": false
      },
      {
        "text": "?",
        "userDefined": false
      }
    ],
    "isTemplate": false,
    "count": 0,
    "lang": "en",
    "updated": 0
  },
  {
    "id": "215056d7-09f6-448f-b1b6-6e80b61d56fa",
    "data": [
      {
        "text": "ornamental purposes",
        "meta": "@usage-list",
        "alias": "usage-list",
        "userDefined": false
      }
    ],
    "isTemplate": false,
    "count": 0,
    "lang": "en",
    "updated": 0
  },
  {
    "id": "18b8ddfb-0ef1-43dc-a2a3-d66f9c78799a",
    "data": [
      {
        "text": "ornamental purpose",
        "meta": "@usage-list",
        "alias": "usage-list",
        "userDefined": false
      },
      {
        "text": " for zinnia ",
        "userDefined": false
      },
      {
        "text": "flowers",
        "userDefined": false
      }
    ],
    "isTemplate": false,
    "count": 0,
    "lang": "en",
    "updated": 0
  },
  {
    "id": "9c61544a-d995-4ae4-a524-f00814f38aa2",
    "data": [
      {
        "text": "ornamental purposes",
        "meta": "@usage-list",
        "alias": "usage-list",
        "userDefined": false
      },
      {
        "text": " for zinnia ",
        "userDefined": false
      },
      {
        "text": "flowers",
        "userDefined": false
      }
    ],
    "isTemplate": false,
    "count": 0,
    "lang": "en",
    "updated": 0
  },
  {
    "id": "56ea81ff-b71f-492f-9af3-ad3d32bd50a2",
    "data": [
      {
        "text": "ornamental",
        "meta": "@usage-list",
        "alias": "usage-list",
        "userDefined": false
      },
      {
        "text": " for zinnia ",
        "userDefined": false
      },
      {
        "text": "flowers",
        "userDefined": false
      }
    ],
    "isTemplate": false,
    "count": 0,
    "lang": "en",
    "updated": 0
  }
]