[
  {
    "id": "b0ef4c49-d3aa-4bdc-b68b-a35adb24f8cf",
    "data": [
      {
        "text": "insect",
        "meta": "@usage-list",
        "alias": "usage-list",
        "userDefined": false
      }
    ],
    "isTemplate": false,
    "count": 0,
    "lang": "en",
    "updated": 0
  },
  {
    "id": "f5caded5-cfc8-48e1-bf5c-f73acb315a8f",
    "data": [
      {
        "text": "repellent",
        "meta": "@usage-list",
        "alias": "usage-list",
        "userDefined": false
      }
    ],
    "isTemplate": false,
    "count": 0,
    "lang": "en",
    "updated": 0
  },
  {
    "id": "47b898c1-8fc1-4631-8b55-83d807f1cf5d",
    "data": [
      {
        "text": "insect repellent",
        "meta": "@usage-list",
        "alias": "usage-list",
        "userDefined": false
      }
    ],
    "isTemplate": false,
    "count": 0,
    "lang": "en",
    "updated": 0
  },
  {
    "id": "c218e82d-3f7c-4e1c-b9fd-595da9797b8d",
    "data": [
      {
        "text": "what is ",
        "userDefined": false
      },
      {
        "text": "insect repellent",
        "meta": "@usage-list",
        "alias": "usage-list",
        "userDefined": false
      },
      {
        "text": " for zinnia ",
        "userDefined": false
      },
      {
        "text": "flowers",
        "userDefined": false
      }
    ],
    "isTemplate": false,
    "count": 0,
    "lang": "en",
    "updated": 0
  },
  {
    "id": "c1385801-c0c0-482a-821b-c6a2477a7ed5",
    "data": [
      {
        "text": "insect repellent",
        "meta": "@usage-list",
        "alias": "usage-list",
        "userDefined": false
      },
      {
        "text": " purpose",
        "userDefined": false
      }
    ],
    "isTemplate": false,
    "count": 0,
    "lang": "en",
    "updated": 0
  },
  {
    "id": "9d026f1d-e468-4a50-b44e-cdf893804f9e",
    "data": [
      {
        "text": "insect repellent",
        "meta": "@usage-list",
        "alias": "usage-list",
        "userDefined": false
      },
      {
        "text": " purposes",
        "userDefined": false
      }
    ],
    "isTemplate": false,
    "count": 0,
    "lang": "en",
    "updated": 0
  },
  {
    "id": "ae841382-8371-4e24-83bf-3633a64989c7",
    "data": [
      {
        "text": "insect repellent",
        "meta": "@usage-list",
        "alias": "usage-list",
        "userDefined": false
      },
      {
        "text": " for zinnia ",
        "userDefined": false
      },
      {
        "text": "flowers",
        "userDefined": false
      }
    ],
    "isTemplate": false,
    "count": 0,
    "lang": "en",
    "updated": 0
  }
]