[
  {
    "id": "d1c98f19-5499-4637-8966-2d57fba4a901",
    "data": [
      {
        "text": "info of zinnia flower",
        "userDefined": false
      }
    ],
    "isTemplate": false,
    "count": 1,
    "lang": "en",
    "updated": 0
  },
  {
    "id": "49e11c35-768b-4172-86d3-df44825db3a1",
    "data": [
      {
        "text": "What is the info for Zinnia flower",
        "userDefined": false
      }
    ],
    "isTemplate": false,
    "count": 0,
    "lang": "en",
    "updated": 0
  },
  {
    "id": "997093ee-1a44-4cbc-b9c7-2d45f17899e9",
    "data": [
      {
        "text": "Can I get some info for Zinnia flowers",
        "userDefined": false
      }
    ],
    "isTemplate": false,
    "count": 0,
    "lang": "en",
    "updated": 0
  },
  {
    "id": "0e3b76b9-597d-4f5a-9132-4fa9a5c7590e",
    "data": [
      {
        "text": "Information of Zinnia Flowers",
        "userDefined": false
      }
    ],
    "isTemplate": false,
    "count": 0,
    "lang": "en",
    "updated": 0
  },
  {
    "id": "9cddf3a8-0caa-4b3a-851d-d0c348c2921c",
    "data": [
      {
        "text": "What is the information for Zinnia Flowers",
        "userDefined": false
      }
    ],
    "isTemplate": false,
    "count": 0,
    "lang": "en",
    "updated": 0
  },
  {
    "id": "72eeec59-9ace-4da9-8db3-367b1f44a708",
    "data": [
      {
        "text": "Can I get some information regarding Zinnia Flowers",
        "userDefined": false
      }
    ],
    "isTemplate": false,
    "count": 0,
    "lang": "en",
    "updated": 0
  },
  {
    "id": "c297f4fb-6204-45b5-8909-ff2585f00cd6",
    "data": [
      {
        "text": "can i get some info regarding Zinnia flower",
        "userDefined": false
      }
    ],
    "isTemplate": false,
    "count": 0,
    "lang": "en",
    "updated": 0
  },
  {
    "id": "3e2de502-2fc2-420a-a68a-98f283dfcfc4",
    "data": [
      {
        "text": "can i know the information of zinnia flower?",
        "userDefined": false
      }
    ],
    "isTemplate": false,
    "count": 0,
    "lang": "en",
    "updated": 0
  },
  {
    "id": "5181d558-20ce-41c9-92e2-86be98101132",
    "data": [
      {
        "text": "can i know the information of zinnia flower",
        "userDefined": false
      }
    ],
    "isTemplate": false,
    "count": 0,
    "lang": "en",
    "updated": 0
  }
]