[
  {
    "id": "7d3b4f4d-c70a-48ca-92f4-0acb67f0429e",
    "data": [
      {
        "text": "what are the goods of zinnia flower?",
        "userDefined": false
      }
    ],
    "isTemplate": false,
    "count": 0,
    "lang": "en",
    "updated": 0
  },
  {
    "id": "5e281261-3833-4c69-b6b4-db964c78c0cd",
    "data": [
      {
        "text": "goods of zinnia flower",
        "userDefined": false
      }
    ],
    "isTemplate": false,
    "count": 0,
    "lang": "en",
    "updated": 0
  },
  {
    "id": "c94f0352-5bf9-420b-a1b1-5d12830ecb0e",
    "data": [
      {
        "text": "benefit zinnia flower",
        "userDefined": false
      }
    ],
    "isTemplate": false,
    "count": 0,
    "lang": "en",
    "updated": 0
  },
  {
    "id": "a8f1b133-2bb2-4d89-84e2-bfd17fb89ff0",
    "data": [
      {
        "text": "benefit of zinnia flower",
        "userDefined": false
      }
    ],
    "isTemplate": false,
    "count": 0,
    "lang": "en",
    "updated": 0
  },
  {
    "id": "85f8ee45-8b7b-4164-b24d-0dbe3e266a62",
    "data": [
      {
        "text": "what are the benefits for zinnia flower?",
        "userDefined": false
      }
    ],
    "isTemplate": false,
    "count": 0,
    "lang": "en",
    "updated": 0
  }
]