[
  {
    "id": "6965ef30-65b1-4658-ba75-af62bca3b7f4",
    "data": [
      {
        "text": "insect repellent",
        "meta": "@usage-list",
        "alias": "usage-list",
        "userDefined": true
      },
      {
        "text": " for zinnia flowers",
        "userDefined": false
      }
    ],
    "isTemplate": false,
    "count": 0,
    "lang": "en",
    "updated": 0
  },
  {
    "id": "dd2a1720-4ad0-410c-b0ef-da9018fad4a4",
    "data": [
      {
        "text": "insect repellent",
        "meta": "@usage-list",
        "alias": "usage-list",
        "userDefined": true
      },
      {
        "text": " purposes",
        "userDefined": false
      }
    ],
    "isTemplate": false,
    "count": 0,
    "lang": "en",
    "updated": 0
  },
  {
    "id": "43bdbd55-76f2-4e6c-903a-4e60e9140cc3",
    "data": [
      {
        "text": "insect repellent",
        "meta": "@usage-list",
        "alias": "usage-list",
        "userDefined": true
      },
      {
        "text": " purpose",
        "userDefined": false
      }
    ],
    "isTemplate": false,
    "count": 0,
    "lang": "en",
    "updated": 0
  },
  {
    "id": "49b556ea-e9c4-4ab4-a78f-f7e66a3b9b8b",
    "data": [
      {
        "text": "what is ",
        "userDefined": false
      },
      {
        "text": "insect repellent",
        "meta": "@usage-list",
        "alias": "usage-list",
        "userDefined": true
      },
      {
        "text": " for zinnia flowers",
        "userDefined": false
      }
    ],
    "isTemplate": false,
    "count": 0,
    "lang": "en",
    "updated": 0
  },
  {
    "id": "5556fdf3-bbab-410e-bd69-6340faa99451",
    "data": [
      {
        "text": "insect repellent",
        "meta": "@usage-list",
        "alias": "usage-list",
        "userDefined": true
      }
    ],
    "isTemplate": false,
    "count": 0,
    "lang": "en",
    "updated": 0
  },
  {
    "id": "447c1e71-8236-4b23-955e-7d6f206ec49a",
    "data": [
      {
        "text": "repellent",
        "meta": "@usage-list",
        "alias": "usage-list",
        "userDefined": true
      }
    ],
    "isTemplate": false,
    "count": 0,
    "lang": "en",
    "updated": 0
  },
  {
    "id": "dae66fa9-09ec-4b22-bd1c-966ec3a75b5b",
    "data": [
      {
        "text": "insect",
        "meta": "@usage-list",
        "alias": "usage-list",
        "userDefined": true
      }
    ],
    "isTemplate": false,
    "count": 0,
    "lang": "en",
    "updated": 0
  }
]