[
  {
    "id": "5613583c-e8ba-45c0-9842-47323142e6de",
    "data": [
      {
        "text": "what happen to ",
        "userDefined": false
      },
      {
        "text": "spacing",
        "meta": "@attention-list",
        "alias": "attention-list",
        "userDefined": false
      },
      {
        "text": " for zinnia flower",
        "userDefined": false
      }
    ],
    "isTemplate": false,
    "count": 0,
    "lang": "en",
    "updated": 0
  },
  {
    "id": "98140cb2-0ce0-4094-8054-a3f29722f7d6",
    "data": [
      {
        "text": "explain ",
        "userDefined": false
      },
      {
        "text": "spacing",
        "meta": "@attention-list",
        "alias": "attention-list",
        "userDefined": false
      },
      {
        "text": " for zinnia flower",
        "userDefined": false
      }
    ],
    "isTemplate": false,
    "count": 0,
    "lang": "en",
    "updated": 0
  },
  {
    "id": "215bdd38-5e43-4563-b40d-556387f33a75",
    "data": [
      {
        "text": "can you explain ",
        "userDefined": false
      },
      {
        "text": "spacing",
        "meta": "@attention-list",
        "alias": "attention-list",
        "userDefined": false
      },
      {
        "text": " for zinnia flower",
        "userDefined": false
      }
    ],
    "isTemplate": false,
    "count": 0,
    "lang": "en",
    "updated": 0
  },
  {
    "id": "eed23aff-5127-4e31-9b63-02dc9b85cf53",
    "data": [
      {
        "text": "does ",
        "userDefined": false
      },
      {
        "text": "spacing",
        "meta": "@attention-list",
        "alias": "attention-list",
        "userDefined": false
      },
      {
        "text": " will cause the grown of zinnia flower?",
        "userDefined": false
      }
    ],
    "isTemplate": false,
    "count": 0,
    "lang": "en",
    "updated": 0
  },
  {
    "id": "25d79ddf-3573-49c9-a3dd-01c31f945aff",
    "data": [
      {
        "text": "should I aware of the ",
        "userDefined": false
      },
      {
        "text": "spacing",
        "meta": "@attention-list",
        "alias": "attention-list",
        "userDefined": false
      },
      {
        "text": " while planting the zinnia flower?",
        "userDefined": false
      }
    ],
    "isTemplate": false,
    "count": 0,
    "lang": "en",
    "updated": 0
  },
  {
    "id": "136e6bd7-35ac-4728-8c37-7877117d387a",
    "data": [
      {
        "text": "what is ",
        "userDefined": false
      },
      {
        "text": "spacing",
        "meta": "@attention-list",
        "alias": "attention-list",
        "userDefined": false
      },
      {
        "text": " for zinnia",
        "userDefined": false
      }
    ],
    "isTemplate": false,
    "count": 0,
    "lang": "en",
    "updated": 0
  },
  {
    "id": "80367b42-af8b-42f8-9dc0-59729e2e5396",
    "data": [
      {
        "text": "how about ",
        "userDefined": false
      },
      {
        "text": "spacing",
        "meta": "@attention-list",
        "alias": "attention-list",
        "userDefined": false
      }
    ],
    "isTemplate": false,
    "count": 0,
    "lang": "en",
    "updated": 0
  },
  {
    "id": "2adfa43a-a4c3-488d-80dc-bd6616786ebd",
    "data": [
      {
        "text": "Spacing",
        "meta": "@attention-list",
        "alias": "attention-list",
        "userDefined": false
      }
    ],
    "isTemplate": false,
    "count": 0,
    "lang": "en",
    "updated": 0
  },
  {
    "id": "521c6c5c-b663-46fc-8c86-702ed44232ca",
    "data": [
      {
        "text": "Can you explain more on the ",
        "userDefined": false
      },
      {
        "text": "Spacing",
        "meta": "@attention-list",
        "alias": "attention-list",
        "userDefined": false
      },
      {
        "text": " part?",
        "userDefined": false
      }
    ],
    "isTemplate": false,
    "count": 0,
    "lang": "en",
    "updated": 0
  },
  {
    "id": "831eb12e-b13c-4ab1-9fdb-8106ace19639",
    "data": [
      {
        "text": "can you explain more on the ",
        "userDefined": false
      },
      {
        "text": "spacing",
        "meta": "@attention-list",
        "alias": "attention-list",
        "userDefined": false
      },
      {
        "text": "?",
        "userDefined": false
      }
    ],
    "isTemplate": false,
    "count": 2,
    "lang": "en",
    "updated": 0
  }
]