[
  {
    "id": "60d55e49-cb95-4770-acf7-d07ec1677ea8",
    "data": [
      {
        "text": "can you further explain about the ",
        "userDefined": false
      },
      {
        "text": "fertilize",
        "meta": "@attention-list",
        "alias": "attention-list",
        "userDefined": false
      },
      {
        "text": "?",
        "userDefined": false
      }
    ],
    "isTemplate": false,
    "count": 0,
    "lang": "en",
    "updated": 0
  },
  {
    "id": "336472ee-4078-4783-844b-30d6d02d22c1",
    "data": [
      {
        "text": "can you further explain ",
        "userDefined": false
      },
      {
        "text": "about",
        "userDefined": true
      },
      {
        "text": " the ",
        "userDefined": false
      },
      {
        "text": "fertilization",
        "meta": "@attention-list",
        "alias": "attention-list",
        "userDefined": false
      },
      {
        "text": "?",
        "userDefined": false
      }
    ],
    "isTemplate": false,
    "count": 0,
    "lang": "en",
    "updated": 0
  },
  {
    "id": "5ec8b75d-6023-4355-917f-15ac35bc1474",
    "data": [
      {
        "text": "what happen to ",
        "userDefined": false
      },
      {
        "text": "fertilizer",
        "meta": "@attention-list",
        "alias": "attention-list",
        "userDefined": false
      },
      {
        "text": " with zinnia flower",
        "userDefined": false
      }
    ],
    "isTemplate": false,
    "count": 0,
    "lang": "en",
    "updated": 0
  },
  {
    "id": "2d5edf31-0170-4ca1-be4a-9829a3e648f8",
    "data": [
      {
        "text": "fertilizer",
        "meta": "@attention-list",
        "alias": "attention-list",
        "userDefined": false
      },
      {
        "text": " for zinnia flower",
        "userDefined": false
      }
    ],
    "isTemplate": false,
    "count": 0,
    "lang": "en",
    "updated": 0
  },
  {
    "id": "fe7de5a8-8e60-4d84-ade9-8ff84143b92e",
    "data": [
      {
        "text": "fertilize",
        "meta": "@attention-list",
        "alias": "attention-list",
        "userDefined": false
      },
      {
        "text": " for zinnia flower",
        "userDefined": false
      }
    ],
    "isTemplate": false,
    "count": 0,
    "lang": "en",
    "updated": 0
  },
  {
    "id": "de7707c5-8992-4809-bfaf-465908bbd3b3",
    "data": [
      {
        "text": "fertilization",
        "meta": "@attention-list",
        "alias": "attention-list",
        "userDefined": false
      },
      {
        "text": " will cause what to zinnia flower?",
        "userDefined": false
      }
    ],
    "isTemplate": false,
    "count": 0,
    "lang": "en",
    "updated": 0
  },
  {
    "id": "bed5d117-35ca-4d3f-8124-4ae4d9cbb849",
    "data": [
      {
        "text": "how about ",
        "userDefined": false
      },
      {
        "text": "fertilization",
        "meta": "@attention-list",
        "alias": "attention-list",
        "userDefined": false
      }
    ],
    "isTemplate": false,
    "count": 0,
    "lang": "en",
    "updated": 0
  },
  {
    "id": "767042bc-1a8c-40e2-9d37-6e810be3f81b",
    "data": [
      {
        "text": "Fertilize",
        "meta": "@attention-list",
        "alias": "attention-list",
        "userDefined": true
      }
    ],
    "isTemplate": false,
    "count": 0,
    "lang": "en",
    "updated": 0
  },
  {
    "id": "4567ec3c-c892-4c11-8ae6-d8c072caf02f",
    "data": [
      {
        "text": "Fertilization",
        "meta": "@attention-list",
        "alias": "attention-list",
        "userDefined": false
      }
    ],
    "isTemplate": false,
    "count": 0,
    "lang": "en",
    "updated": 0
  }
]