[
  {
    "id": "5760f647-2021-49ba-a656-3a4b94b276ef",
    "data": [
      {
        "text": "usage",
        "userDefined": false
      }
    ],
    "isTemplate": false,
    "count": 1,
    "lang": "en",
    "updated": 0
  },
  {
    "id": "b42694c9-92a0-4277-a681-3afb8823005e",
    "data": [
      {
        "text": "zinnia flower usage",
        "userDefined": false
      }
    ],
    "isTemplate": false,
    "count": 0,
    "lang": "en",
    "updated": 0
  },
  {
    "id": "113714ab-65dc-4b72-a7d5-fa0fbe0d471d",
    "data": [
      {
        "text": "usage zinnia flower",
        "userDefined": false
      }
    ],
    "isTemplate": false,
    "count": 0,
    "lang": "en",
    "updated": 0
  },
  {
    "id": "5448d83b-2341-488d-9d86-9df4fcc1ae7e",
    "data": [
      {
        "text": "Any usage of ZInnia flower?",
        "userDefined": false
      }
    ],
    "isTemplate": false,
    "count": 0,
    "lang": "en",
    "updated": 0
  },
  {
    "id": "b3522163-e50d-4617-a89d-1dacc6935ffa",
    "data": [
      {
        "text": "What is the usage of Zinnia flower?",
        "userDefined": false
      }
    ],
    "isTemplate": false,
    "count": 0,
    "lang": "en",
    "updated": 0
  },
  {
    "id": "3947292a-7f35-445d-a09c-1a5116b3f0a5",
    "data": [
      {
        "text": "any uses of zinnia flower?",
        "userDefined": false
      }
    ],
    "isTemplate": false,
    "count": 1,
    "lang": "en",
    "updated": 0
  }
]