[
  {
    "id": "193c5b18-4d13-4190-8590-79beabc3b618",
    "data": [
      {
        "text": "Where do zinnia flowers originate from?",
        "userDefined": false
      }
    ],
    "isTemplate": false,
    "count": 0,
    "lang": "en",
    "updated": 0
  },
  {
    "id": "43332e29-3ef0-4b1e-b757-1d47db87744e",
    "data": [
      {
        "text": "Where do zinnias originate from?",
        "userDefined": false
      }
    ],
    "isTemplate": false,
    "count": 0,
    "lang": "en",
    "updated": 0
  },
  {
    "id": "f7c265bd-19c6-4956-a057-f7e5d230600a",
    "data": [
      {
        "text": "What is the origin of the Zinnia flower?",
        "userDefined": false
      }
    ],
    "isTemplate": false,
    "count": 0,
    "lang": "en",
    "updated": 0
  },
  {
    "id": "99b1d274-cfe8-4000-aeca-96b0ffd65304",
    "data": [
      {
        "text": "where did zinnia flower came from",
        "userDefined": false
      }
    ],
    "isTemplate": false,
    "count": 0,
    "lang": "en",
    "updated": 0
  },
  {
    "id": "2b65bfc8-3df1-4f7b-bde2-992f291cd1fc",
    "data": [
      {
        "text": "origin of zinnia flower",
        "userDefined": false
      }
    ],
    "isTemplate": false,
    "count": 0,
    "lang": "en",
    "updated": 0
  },
  {
    "id": "d369aa53-02da-4fb2-a5d8-0aef73331070",
    "data": [
      {
        "text": "what is the origin of zinnia flower?",
        "userDefined": false
      }
    ],
    "isTemplate": false,
    "count": 1,
    "lang": "en",
    "updated": 0
  },
  {
    "id": "2a5e3468-dc39-4ecd-b05b-7713067a166d",
    "data": [
      {
        "text": "origin of zinnia flower?",
        "userDefined": false
      }
    ],
    "isTemplate": false,
    "count": 1,
    "lang": "en",
    "updated": 0
  },
  {
    "id": "3462cce0-cb86-4092-a2da-3a6f731fb9f3",
    "data": [
      {
        "text": "can i know the information of zinnia flower?",
        "userDefined": false
      }
    ],
    "isTemplate": false,
    "count": 0,
    "lang": "en",
    "updated": 0
  },
  {
    "id": "f50c99cc-d2fa-494e-baaa-ae9848ff8d25",
    "data": [
      {
        "text": "can i know the information of zinnia flower",
        "userDefined": false
      }
    ],
    "isTemplate": false,
    "count": 0,
    "lang": "en",
    "updated": 0
  }
]