[
  {
    "id": "4c99b55c-b2f7-4beb-a45e-057f9ffdd8ab",
    "data": [
      {
        "text": "should i aware of the ",
        "userDefined": false
      },
      {
        "text": "soil",
        "meta": "@attention-list",
        "alias": "attention-list",
        "userDefined": false
      },
      {
        "text": " while planting the zinnia flower?",
        "userDefined": false
      }
    ],
    "isTemplate": false,
    "count": 0,
    "lang": "en",
    "updated": 0
  },
  {
    "id": "97bea1cd-b347-488e-96b3-8dc770c8750b",
    "data": [
      {
        "text": "explain ",
        "userDefined": false
      },
      {
        "text": "soil",
        "meta": "@attention-list",
        "alias": "attention-list",
        "userDefined": false
      },
      {
        "text": " for zinnia flower",
        "userDefined": false
      }
    ],
    "isTemplate": false,
    "count": 0,
    "lang": "en",
    "updated": 0
  },
  {
    "id": "c6173beb-e709-46e9-abf8-91a6f432e1ca",
    "data": [
      {
        "text": "does ",
        "userDefined": false
      },
      {
        "text": "soil",
        "meta": "@attention-list",
        "alias": "attention-list",
        "userDefined": false
      },
      {
        "text": " will cause the grown of the zinnia flower?",
        "userDefined": false
      }
    ],
    "isTemplate": false,
    "count": 0,
    "lang": "en",
    "updated": 0
  },
  {
    "id": "70693551-eedf-45ec-899e-65535fddd041",
    "data": [
      {
        "text": "explain sol for zinnia flower",
        "userDefined": false
      }
    ],
    "isTemplate": false,
    "count": 0,
    "lang": "en",
    "updated": 0
  },
  {
    "id": "611149d1-bc8a-4b2f-af43-4a3bb33fe6cb",
    "data": [
      {
        "text": "what happen to ",
        "userDefined": false
      },
      {
        "text": "soil",
        "meta": "@attention-list",
        "alias": "attention-list",
        "userDefined": false
      },
      {
        "text": " for zinnia flower?",
        "userDefined": false
      }
    ],
    "isTemplate": false,
    "count": 0,
    "lang": "en",
    "updated": 0
  },
  {
    "id": "ea3edc36-87d1-421b-b378-f71ae70795f2",
    "data": [
      {
        "text": "how about ",
        "userDefined": false
      },
      {
        "text": "soil",
        "meta": "@attention-list",
        "alias": "attention-list",
        "userDefined": false
      }
    ],
    "isTemplate": false,
    "count": 0,
    "lang": "en",
    "updated": 0
  },
  {
    "id": "a4db517c-e21d-47f9-8bd6-76d28a8544cc",
    "data": [
      {
        "text": "Soil",
        "meta": "@attention-list",
        "alias": "attention-list",
        "userDefined": false
      }
    ],
    "isTemplate": false,
    "count": 0,
    "lang": "en",
    "updated": 0
  },
  {
    "id": "26d34cf3-3601-40c9-90e0-cf704312b8b1",
    "data": [
      {
        "text": "can you further explain the ",
        "userDefined": false
      },
      {
        "text": "Soil",
        "meta": "@attention-list",
        "alias": "attention-list",
        "userDefined": false
      },
      {
        "text": " for zinnia flower?",
        "userDefined": false
      }
    ],
    "isTemplate": false,
    "count": 1,
    "lang": "en",
    "updated": 0
  }
]