[
  {
    "id": "11e3d2d3-7dfc-4f6c-85c8-1065fab9585d",
    "data": [
      {
        "text": "family",
        "userDefined": false
      },
      {
        "text": " zinnia ",
        "userDefined": false
      },
      {
        "text": "flower",
        "userDefined": false
      }
    ],
    "isTemplate": false,
    "count": 0,
    "lang": "en",
    "updated": 0
  },
  {
    "id": "bd2effba-62b3-460f-ba38-8d8b66fb5109",
    "data": [
      {
        "text": "what are the ",
        "userDefined": false
      },
      {
        "text": "family",
        "userDefined": false
      },
      {
        "text": " type for zinnia ",
        "userDefined": false
      },
      {
        "text": "flower",
        "userDefined": false
      }
    ],
    "isTemplate": false,
    "count": 0,
    "lang": "en",
    "updated": 0
  },
  {
    "id": "002d862e-b145-4068-a221-14a458f42614",
    "data": [
      {
        "text": "zinnia ",
        "userDefined": false
      },
      {
        "text": "flower",
        "userDefined": false
      },
      {
        "text": " ",
        "userDefined": false
      },
      {
        "text": "family",
        "userDefined": false
      }
    ],
    "isTemplate": false,
    "count": 0,
    "lang": "en",
    "updated": 0
  },
  {
    "data": [
      {
        "text": "zinnia flower family?",
        "userDefined": false
      }
    ],
    "isTemplate": false,
    "count": 0,
    "lang": "en",
    "updated": 0
  },
  {
    "data": [
      {
        "text": "what is the family of zinnia flower?",
        "userDefined": false
      }
    ],
    "isTemplate": false,
    "count": 0,
    "lang": "en",
    "updated": 0
  }
]