[
  {
    "id": "e66b00ad-2d63-4930-b974-bd20911b13bd",
    "data": [
      {
        "text": "cutflowers",
        "userDefined": false
      }
    ],
    "isTemplate": false,
    "count": 0,
    "lang": "en",
    "updated": 0
  },
  {
    "id": "d4058b12-86bc-4458-88a6-5f174c8ea856",
    "data": [
      {
        "text": "cut flowers",
        "userDefined": false
      }
    ],
    "isTemplate": false,
    "count": 0,
    "lang": "en",
    "updated": 0
  },
  {
    "id": "004ad088-0638-4733-b537-b480009a4c2e",
    "data": [
      {
        "text": "cut flower",
        "userDefined": false
      }
    ],
    "isTemplate": false,
    "count": 0,
    "lang": "en",
    "updated": 0
  },
  {
    "id": "d8e3f9f4-66f0-48b1-bea5-2a025c2b3825",
    "data": [
      {
        "text": "cut",
        "userDefined": false
      }
    ],
    "isTemplate": false,
    "count": 0,
    "lang": "en",
    "updated": 0
  },
  {
    "id": "6b97b47a-9c65-49c1-af3f-a88df5cd90f1",
    "data": [
      {
        "text": "what is ",
        "userDefined": false
      },
      {
        "text": "cut flower",
        "userDefined": false
      },
      {
        "text": " for zinnia ",
        "userDefined": false
      },
      {
        "text": "flower",
        "userDefined": false
      }
    ],
    "isTemplate": false,
    "count": 0,
    "lang": "en",
    "updated": 0
  },
  {
    "id": "0ddc978b-eec7-42d8-b615-9598b0414814",
    "data": [
      {
        "text": "cut flower purpose",
        "userDefined": false
      },
      {
        "text": " for zinnia ",
        "userDefined": false
      },
      {
        "text": "flower",
        "userDefined": false
      }
    ],
    "isTemplate": false,
    "count": 0,
    "lang": "en",
    "updated": 0
  },
  {
    "id": "e9cad0e5-64d5-4879-a086-7f5f18a336ae",
    "data": [
      {
        "text": "what is ",
        "userDefined": false
      },
      {
        "text": "cut flower purpose",
        "userDefined": false
      },
      {
        "text": " for zinnia ",
        "userDefined": false
      },
      {
        "text": "flower",
        "userDefined": false
      }
    ],
    "isTemplate": false,
    "count": 0,
    "lang": "en",
    "updated": 0
  }
]