[
  {
    "id": "7e9e5159-0824-48d6-8682-77963cc247f3",
    "data": [
      {
        "text": "Do zinnia flowers ",
        "userDefined": false
      },
      {
        "text": "attract pollinators",
        "userDefined": false
      },
      {
        "text": "?",
        "userDefined": false
      }
    ],
    "isTemplate": false,
    "count": 0,
    "lang": "en",
    "updated": 0
  },
  {
    "id": "571ee911-a0fd-43d2-841d-0a7461866d8b",
    "data": [
      {
        "text": "Do zinnias attract ",
        "userDefined": false
      },
      {
        "text": "pollinators",
        "userDefined": false
      },
      {
        "text": "?",
        "userDefined": false
      }
    ],
    "isTemplate": false,
    "count": 0,
    "lang": "en",
    "updated": 0
  },
  {
    "id": "3fb10112-ac53-4b96-9bbc-7d9f1eebd864",
    "data": [
      {
        "text": "pollinator",
        "userDefined": true
      }
    ],
    "isTemplate": false,
    "count": 0,
    "lang": "en",
    "updated": 0
  },
  {
    "id": "0b2c9d40-3c70-4b85-aa06-55bb55f89c03",
    "data": [
      {
        "text": "Pollinators",
        "userDefined": false
      }
    ],
    "isTemplate": false,
    "count": 0,
    "lang": "en",
    "updated": 0
  },
  {
    "id": "d755d9cd-16d2-4f70-be82-436fb00e3cdc",
    "data": [
      {
        "text": "pollinator attractant purpose",
        "userDefined": true
      },
      {
        "text": " for zinnia flower",
        "userDefined": false
      }
    ],
    "isTemplate": false,
    "count": 0,
    "lang": "en",
    "updated": 0
  },
  {
    "id": "152669d9-e983-4801-be88-a49b9bedac7b",
    "data": [
      {
        "text": "what is ",
        "userDefined": false
      },
      {
        "text": "pollinator attractant purpose",
        "userDefined": true
      },
      {
        "text": " for zinnia flower",
        "userDefined": false
      }
    ],
    "isTemplate": false,
    "count": 0,
    "lang": "en",
    "updated": 0
  },
  {
    "id": "50667cb7-b5c9-4411-a191-e4a73c526115",
    "data": [
      {
        "text": "pollinator attractant",
        "userDefined": true
      },
      {
        "text": " for zinnia flower",
        "userDefined": false
      }
    ],
    "isTemplate": false,
    "count": 0,
    "lang": "en",
    "updated": 0
  },
  {
    "id": "052c6467-5095-479a-93de-ca9a50ffeb09",
    "data": [
      {
        "text": "what is ",
        "userDefined": false
      },
      {
        "text": "pollinator attractant",
        "userDefined": true
      },
      {
        "text": " for zinnia flower",
        "userDefined": false
      }
    ],
    "isTemplate": false,
    "count": 0,
    "lang": "en",
    "updated": 0
  },
  {
    "id": "ee525e0c-2fea-4dc6-b9a3-9f654659a4ef",
    "data": [
      {
        "text": "attractant",
        "userDefined": true
      }
    ],
    "isTemplate": false,
    "count": 1,
    "lang": "en",
    "updated": 0
  },
  {
    "id": "87ef0046-c01e-4d04-9682-822d78fc28a0",
    "data": [
      {
        "text": "pollinator attractant",
        "userDefined": true
      }
    ],
    "isTemplate": false,
    "count": 0,
    "lang": "en",
    "updated": 0
  },
  {
    "id": "98dc34d1-eefb-4730-aac7-7829429064d1",
    "data": [
      {
        "text": "pollinatorattractant",
        "userDefined": true
      }
    ],
    "isTemplate": false,
    "count": 0,
    "lang": "en",
    "updated": 0
  },
  {
    "id": "0c7571d9-ba3b-4e2e-b32b-b19ce8001f08",
    "data": [
      {
        "text": "how much water do zinnias need",
        "userDefined": false
      }
    ],
    "isTemplate": false,
    "count": 2,
    "lang": "en",
    "updated": 0
  }
]