[
  {
    "id": "241b4aff-8f74-45c0-b001-12b0e78a2884",
    "data": [
      {
        "text": "What are the ",
        "userDefined": false
      },
      {
        "text": "healing properties",
        "userDefined": true
      },
      {
        "text": " of zinnia flowers?",
        "userDefined": false
      }
    ],
    "isTemplate": false,
    "count": 0,
    "lang": "en",
    "updated": 0
  },
  {
    "id": "ffdb018a-1e91-453a-9d8f-fb56343fca2f",
    "data": [
      {
        "text": "What are the ",
        "userDefined": false
      },
      {
        "text": "healing properties",
        "userDefined": true
      },
      {
        "text": " of zinnias?",
        "userDefined": false
      }
    ],
    "isTemplate": false,
    "count": 0,
    "lang": "en",
    "updated": 0
  },
  {
    "id": "efc3b08a-3f0c-4aae-a1cf-de35c89aeb0a",
    "data": [
      {
        "text": "medicinal",
        "userDefined": true
      },
      {
        "text": "?",
        "userDefined": false
      }
    ],
    "isTemplate": false,
    "count": 0,
    "lang": "en",
    "updated": 0
  },
  {
    "id": "d7656091-209b-4460-8200-e4f9c41557d8",
    "data": [
      {
        "text": "medicinal purposes",
        "userDefined": true
      },
      {
        "text": " for zinnia flowers",
        "userDefined": false
      }
    ],
    "isTemplate": false,
    "count": 0,
    "lang": "en",
    "updated": 0
  },
  {
    "id": "0ef16a3e-f051-49d9-8447-dadcec114345",
    "data": [
      {
        "text": "medicinal",
        "userDefined": true
      },
      {
        "text": " for zinnia flowers",
        "userDefined": false
      }
    ],
    "isTemplate": false,
    "count": 0,
    "lang": "en",
    "updated": 0
  },
  {
    "id": "03ee526c-f1f6-4110-867d-d10014dc351d",
    "data": [
      {
        "text": "medicinal purpose",
        "userDefined": true
      },
      {
        "text": " for zinnia flowers",
        "userDefined": false
      }
    ],
    "isTemplate": false,
    "count": 0,
    "lang": "en",
    "updated": 0
  },
  {
    "id": "1a99d190-5990-482e-996c-0301dad260ec",
    "data": [
      {
        "text": "what is the ",
        "userDefined": false
      },
      {
        "text": "medicinal purpose",
        "userDefined": true
      }
    ],
    "isTemplate": false,
    "count": 0,
    "lang": "en",
    "updated": 0
  },
  {
    "id": "d5beadbb-ea05-48a7-ae19-f990bc4abbb9",
    "data": [
      {
        "text": "what is the ",
        "userDefined": false
      },
      {
        "text": "medicinal purposes",
        "userDefined": true
      }
    ],
    "isTemplate": false,
    "count": 0,
    "lang": "en",
    "updated": 0
  },
  {
    "id": "16abf2d2-d416-4fb6-898a-cdcda858198e",
    "data": [
      {
        "text": "medicinal purpose",
        "userDefined": true
      }
    ],
    "isTemplate": false,
    "count": 0,
    "lang": "en",
    "updated": 0
  },
  {
    "id": "a187123a-89c5-4dc9-9638-8abf9e9219d5",
    "data": [
      {
        "text": "medicinal purposes",
        "userDefined": true
      }
    ],
    "isTemplate": false,
    "count": 0,
    "lang": "en",
    "updated": 0
  },
  {
    "id": "f717fea9-b7dc-48e3-a836-7ae427bff1a6",
    "data": [
      {
        "text": "medicinal",
        "userDefined": true
      }
    ],
    "isTemplate": false,
    "count": 1,
    "lang": "en",
    "updated": 0
  },
  {
    "id": "428d187c-b1a6-442a-9e72-b8ec6e27430b",
    "data": [
      {
        "text": "How can Zinnias be incorporated into a healthy lifestyle?",
        "userDefined": false
      }
    ],
    "isTemplate": false,
    "count": 0,
    "lang": "en",
    "updated": 0
  },
  {
    "id": "20e19888-f8a3-4c97-889e-8c3aaf6d8e57",
    "data": [
      {
        "text": "Can Zinnias be used topically or ingested?",
        "userDefined": false
      }
    ],
    "isTemplate": false,
    "count": 0,
    "lang": "en",
    "updated": 0
  }
]