[
  {
    "id": "ce3474d2-e88f-40ce-bf96-358160a54546",
    "data": [
      {
        "text": "what is ",
        "userDefined": false
      },
      {
        "text": "cut flower purpose",
        "userDefined": true
      },
      {
        "text": " for zinnia flower",
        "userDefined": false
      }
    ],
    "isTemplate": false,
    "count": 0,
    "lang": "en",
    "updated": 0
  },
  {
    "id": "2da08029-68ac-44ee-a1e8-8e67e56fe224",
    "data": [
      {
        "text": "cut flower purpose",
        "userDefined": true
      },
      {
        "text": " for zinnia flower",
        "userDefined": false
      }
    ],
    "isTemplate": false,
    "count": 0,
    "lang": "en",
    "updated": 0
  },
  {
    "id": "9aa670a7-e12c-45e2-984a-bd8f74a6b584",
    "data": [
      {
        "text": "what is ",
        "userDefined": false
      },
      {
        "text": "cut flower",
        "userDefined": true
      },
      {
        "text": " for zinnia flower",
        "userDefined": false
      }
    ],
    "isTemplate": false,
    "count": 0,
    "lang": "en",
    "updated": 0
  },
  {
    "id": "e6451707-348a-4a17-856a-722e22342ad3",
    "data": [
      {
        "text": "cut",
        "userDefined": true
      }
    ],
    "isTemplate": false,
    "count": 0,
    "lang": "en",
    "updated": 0
  },
  {
    "id": "0797e71c-e75a-4bf2-8356-c19861013e6f",
    "data": [
      {
        "text": "cut flower",
        "userDefined": true
      }
    ],
    "isTemplate": false,
    "count": 5,
    "lang": "en",
    "updated": 0
  },
  {
    "id": "f8dbe0d7-f9bf-443b-846c-8ad366c6f7f1",
    "data": [
      {
        "text": "cut flowers",
        "userDefined": true
      }
    ],
    "isTemplate": false,
    "count": 0,
    "lang": "en",
    "updated": 0
  },
  {
    "id": "b9d5482d-4456-4321-8cc9-fe82b0f5197f",
    "data": [
      {
        "text": "cutflowers",
        "userDefined": true
      }
    ],
    "isTemplate": false,
    "count": 0,
    "lang": "en",
    "updated": 0
  },
  {
    "data": [
      {
        "text": "can i know more about cut flower?",
        "userDefined": false
      }
    ],
    "isTemplate": false,
    "count": 14,
    "lang": "en",
    "updated": 0
  }
]