[
  {
    "id": "246a610c-b21a-4692-8f9a-ad65519b60e1",
    "data": [
      {
        "text": "Do zinnias ",
        "userDefined": false
      },
      {
        "text": "repel insects",
        "userDefined": true
      },
      {
        "text": "?",
        "userDefined": false
      }
    ],
    "isTemplate": false,
    "count": 0,
    "lang": "en",
    "updated": 0
  },
  {
    "id": "d0db7ca3-2fb3-4cbe-838e-5a34b919f3af",
    "data": [
      {
        "text": "Do zinnia flowers ",
        "userDefined": false
      },
      {
        "text": "repel insects",
        "userDefined": false
      },
      {
        "text": "?",
        "userDefined": false
      }
    ],
    "isTemplate": false,
    "count": 1,
    "lang": "en",
    "updated": 0
  },
  {
    "id": "ce5ea9e5-195a-41b9-9ea2-394a7f8c1493",
    "data": [
      {
        "text": "Can zinnia flowers act as a ",
        "userDefined": false
      },
      {
        "text": "insect repellent",
        "userDefined": false
      },
      {
        "text": "?",
        "userDefined": false
      }
    ],
    "isTemplate": false,
    "count": 0,
    "lang": "en",
    "updated": 0
  },
  {
    "id": "6f2870f5-4774-4439-96de-2dda6d3b0b81",
    "data": [
      {
        "text": "Can zinnias act as a ",
        "userDefined": false
      },
      {
        "text": "insect repellent",
        "userDefined": false
      },
      {
        "text": "?",
        "userDefined": false
      }
    ],
    "isTemplate": false,
    "count": 0,
    "lang": "en",
    "updated": 0
  },
  {
    "id": "b0ef4c49-d3aa-4bdc-b68b-a35adb24f8cf",
    "data": [
      {
        "text": "insect",
        "userDefined": false
      }
    ],
    "isTemplate": false,
    "count": 0,
    "lang": "en",
    "updated": 0
  },
  {
    "id": "f5caded5-cfc8-48e1-bf5c-f73acb315a8f",
    "data": [
      {
        "text": "repellent",
        "userDefined": false
      }
    ],
    "isTemplate": false,
    "count": 0,
    "lang": "en",
    "updated": 0
  },
  {
    "id": "47b898c1-8fc1-4631-8b55-83d807f1cf5d",
    "data": [
      {
        "text": "insect repellent",
        "userDefined": false
      }
    ],
    "isTemplate": false,
    "count": 0,
    "lang": "en",
    "updated": 0
  },
  {
    "id": "c218e82d-3f7c-4e1c-b9fd-595da9797b8d",
    "data": [
      {
        "text": "what is ",
        "userDefined": false
      },
      {
        "text": "insect repellent",
        "userDefined": false
      },
      {
        "text": " for zinnia ",
        "userDefined": false
      },
      {
        "text": "flowers",
        "userDefined": false
      }
    ],
    "isTemplate": false,
    "count": 0,
    "lang": "en",
    "updated": 0
  },
  {
    "id": "c1385801-c0c0-482a-821b-c6a2477a7ed5",
    "data": [
      {
        "text": "insect repellent",
        "userDefined": false
      },
      {
        "text": " purpose",
        "userDefined": false
      }
    ],
    "isTemplate": false,
    "count": 0,
    "lang": "en",
    "updated": 0
  },
  {
    "id": "9d026f1d-e468-4a50-b44e-cdf893804f9e",
    "data": [
      {
        "text": "insect repellent",
        "userDefined": false
      },
      {
        "text": " purposes",
        "userDefined": false
      }
    ],
    "isTemplate": false,
    "count": 0,
    "lang": "en",
    "updated": 0
  },
  {
    "id": "ae841382-8371-4e24-83bf-3633a64989c7",
    "data": [
      {
        "text": "insect repellent",
        "userDefined": false
      },
      {
        "text": " for zinnia ",
        "userDefined": false
      },
      {
        "text": "flowers",
        "userDefined": false
      }
    ],
    "isTemplate": false,
    "count": 0,
    "lang": "en",
    "updated": 0
  },
  {
    "id": "346a5db4-debf-42ae-8b42-117307b7d520",
    "data": [
      {
        "text": "Can I know more about the insect repellent?",
        "userDefined": false
      }
    ],
    "isTemplate": false,
    "count": 28,
    "lang": "en",
    "updated": 0
  },
  {
    "data": [
      {
        "text": "insect repellent ?",
        "userDefined": false
      }
    ],
    "isTemplate": false,
    "count": 12,
    "lang": "en",
    "updated": 0
  }
]