[
  {
    "id": "26ad8aae-1f46-4747-80bc-4ba73a44871d",
    "data": [
      {
        "text": "can you further explain digestive properties",
        "userDefined": false
      }
    ],
    "isTemplate": false,
    "count": 0,
    "lang": "en",
    "updated": 0
  },
  {
    "id": "32f1d073-aa7b-4fb7-bf86-849c7de6a3fc",
    "data": [
      {
        "text": "can explain digestive properties",
        "userDefined": false
      }
    ],
    "isTemplate": false,
    "count": 0,
    "lang": "en",
    "updated": 0
  },
  {
    "id": "dbe5de8d-f019-409b-98be-0cdfd1ee5fae",
    "data": [
      {
        "text": "can explain digestive",
        "userDefined": false
      }
    ],
    "isTemplate": false,
    "count": 0,
    "lang": "en",
    "updated": 0
  },
  {
    "id": "ad87bcc9-500c-4120-b552-ad04a299a85a",
    "data": [
      {
        "text": "digestive",
        "userDefined": false
      }
    ],
    "isTemplate": false,
    "count": 0,
    "lang": "en",
    "updated": 0
  },
  {
    "id": "ea84013c-25db-4da1-98d6-1ad9ea3ffd0f",
    "data": [
      {
        "text": "digestive properties",
        "userDefined": false
      }
    ],
    "isTemplate": false,
    "count": 0,
    "lang": "en",
    "updated": 0
  },
  {
    "data": [
      {
        "text": "what is digestive properties",
        "userDefined": false
      }
    ],
    "isTemplate": false,
    "count": 1,
    "lang": "en",
    "updated": 0
  }
]