[
  {
    "id": "c69df128-f52f-4dde-a97d-89bc55f84271",
    "data": [
      {
        "text": "can you further explain wound healing",
        "userDefined": false
      }
    ],
    "isTemplate": false,
    "count": 0,
    "lang": "en",
    "updated": 0
  },
  {
    "id": "83a98033-4095-4b17-92aa-e1669e9696d4",
    "data": [
      {
        "text": "healing",
        "userDefined": false
      }
    ],
    "isTemplate": false,
    "count": 0,
    "lang": "en",
    "updated": 0
  },
  {
    "id": "4f3db2f6-d437-47e1-af5f-dc78fcee149f",
    "data": [
      {
        "text": "wound",
        "userDefined": false
      }
    ],
    "isTemplate": false,
    "count": 0,
    "lang": "en",
    "updated": 0
  },
  {
    "id": "7467c80b-5bb6-41bd-acc4-4a0b3c30608a",
    "data": [
      {
        "text": "wound healing",
        "userDefined": false
      }
    ],
    "isTemplate": false,
    "count": 3,
    "lang": "en",
    "updated": 0
  },
  {
    "data": [
      {
        "text": "what wound healing will done by zinnia flower",
        "userDefined": false
      }
    ],
    "isTemplate": false,
    "count": 1,
    "lang": "en",
    "updated": 0
  }
]