[
  {
    "id": "9793bcb9-6ece-4dd8-b804-5401ed8fc666",
    "data": [
      {
        "text": "just going to say hi",
        "userDefined": false
      }
    ],
    "isTemplate": false,
    "count": 0,
    "lang": "en",
    "updated": 0
  },
  {
    "id": "647c1c22-81f2-4b4b-9996-6ed3ec215831",
    "data": [
      {
        "text": "heya",
        "userDefined": false
      }
    ],
    "isTemplate": false,
    "count": 0,
    "lang": "en",
    "updated": 0
  },
  {
    "id": "9639ac92-1192-477a-b474-51f6d13b8660",
    "data": [
      {
        "text": "hello hi",
        "userDefined": false
      }
    ],
    "isTemplate": false,
    "count": 0,
    "lang": "en",
    "updated": 0
  },
  {
    "id": "ef3b7eb7-8d2a-472c-abd1-bd6b45d78582",
    "data": [
      {
        "text": "howdy",
        "userDefined": false
      }
    ],
    "isTemplate": false,
    "count": 0,
    "lang": "en",
    "updated": 0
  },
  {
    "id": "0a4909e4-1906-46e3-b4a9-f0b0f2c90ad1",
    "data": [
      {
        "text": "hey there",
        "userDefined": false
      }
    ],
    "isTemplate": false,
    "count": 0,
    "lang": "en",
    "updated": 0
  },
  {
    "id": "b722d3fa-a7c9-4efc-9f82-dbb9a73cf551",
    "data": [
      {
        "text": "hi there",
        "userDefined": false
      }
    ],
    "isTemplate": false,
    "count": 7,
    "lang": "en",
    "updated": 0
  },
  {
    "id": "ea36b107-864a-4773-8067-cc42aec5a73d",
    "data": [
      {
        "text": "greetings",
        "userDefined": false
      }
    ],
    "isTemplate": false,
    "count": 0,
    "lang": "en",
    "updated": 0
  },
  {
    "id": "8db3c06c-c143-4c33-a2b3-80c71582b0e0",
    "data": [
      {
        "text": "hey",
        "userDefined": false
      }
    ],
    "isTemplate": false,
    "count": 0,
    "lang": "en",
    "updated": 0
  },
  {
    "id": "17684c16-9be4-4849-a323-06eca0017806",
    "data": [
      {
        "text": "long time no see",
        "userDefined": false
      }
    ],
    "isTemplate": false,
    "count": 0,
    "lang": "en",
    "updated": 0
  },
  {
    "id": "e9e4a40e-7bac-4a9b-96ae-c6663f54ef26",
    "data": [
      {
        "text": "hello",
        "userDefined": false
      }
    ],
    "isTemplate": false,
    "count": 20,
    "lang": "en",
    "updated": 0
  },
  {
    "id": "ab7b1a87-c54e-4391-ac74-f2ccb73068b2",
    "data": [
      {
        "text": "lovely day isn\u0027t it",
        "userDefined": false
      }
    ],
    "isTemplate": false,
    "count": 0,
    "lang": "en",
    "updated": 0
  },
  {
    "id": "eca7f9c4-a7e2-481d-add6-b1c710f0b0ce",
    "data": [
      {
        "text": "I greet you",
        "userDefined": false
      }
    ],
    "isTemplate": false,
    "count": 0,
    "lang": "en",
    "updated": 0
  },
  {
    "id": "c366e560-8b6d-4956-831b-addda6f5e958",
    "data": [
      {
        "text": "hello again",
        "userDefined": false
      }
    ],
    "isTemplate": false,
    "count": 1,
    "lang": "en",
    "updated": 0
  },
  {
    "id": "770d15cb-b941-46d3-a52b-d13ab8aa8840",
    "data": [
      {
        "text": "hi",
        "userDefined": false
      }
    ],
    "isTemplate": false,
    "count": 19,
    "lang": "en",
    "updated": 0
  },
  {
    "id": "aeb54b49-6130-409e-92b7-8e088549192e",
    "data": [
      {
        "text": "hello there",
        "userDefined": false
      }
    ],
    "isTemplate": false,
    "count": 0,
    "lang": "en",
    "updated": 0
  },
  {
    "id": "f2ed8db7-ef36-4251-b6f3-f1d87bd26893",
    "data": [
      {
        "text": "a good day",
        "userDefined": false
      }
    ],
    "isTemplate": false,
    "count": 0,
    "lang": "en",
    "updated": 0
  },
  {
    "id": "98635ecb-168a-44ea-ad5d-c81b0872224a",
    "data": [
      {
        "text": "what sup",
        "userDefined": false
      }
    ],
    "isTemplate": false,
    "count": 1,
    "lang": "en",
    "updated": 0
  },
  {
    "id": "b5b3047a-3cbd-40ab-8f79-2170a5fc0b34",
    "data": [
      {
        "text": "hell",
        "userDefined": false
      }
    ],
    "isTemplate": false,
    "count": 1,
    "lang": "en",
    "updated": 0
  },
  {
    "id": "2db3874b-f3de-44fa-932e-abd1120e6e01",
    "data": [
      {
        "text": "HI",
        "userDefined": false
      }
    ],
    "isTemplate": false,
    "count": 5,
    "lang": "en",
    "updated": 0
  },
  {
    "id": "72d35b33-e156-46f2-bc73-e2c13c76f203",
    "data": [
      {
        "text": "Hi",
        "userDefined": false
      }
    ],
    "isTemplate": false,
    "count": 8,
    "lang": "en",
    "updated": 0
  },
  {
    "id": "92970b49-b0c0-492f-aeca-2457db59c793",
    "data": [
      {
        "text": "Hello",
        "userDefined": false
      }
    ],
    "isTemplate": false,
    "count": 1,
    "lang": "en",
    "updated": 0
  },
  {
    "id": "1f78f414-cfd6-4829-9efe-6bab5304915e",
    "data": [
      {
        "text": "Hi there",
        "userDefined": false
      }
    ],
    "isTemplate": false,
    "count": 0,
    "lang": "en",
    "updated": 0
  }
]