[
  {
    "id": "6b55a3c2-03d4-4aad-84cf-ed460f1f7436",
    "data": [
      {
        "text": "which family does zinnia flower belong to",
        "userDefined": false
      }
    ],
    "isTemplate": false,
    "count": 0,
    "lang": "en",
    "updated": 0
  },
  {
    "id": "002d862e-b145-4068-a221-14a458f42614",
    "data": [
      {
        "text": "zinnia ",
        "userDefined": false
      },
      {
        "text": "flower",
        "userDefined": false
      },
      {
        "text": " ",
        "userDefined": false
      },
      {
        "text": "family",
        "userDefined": false
      }
    ],
    "isTemplate": false,
    "count": 0,
    "lang": "en",
    "updated": 0
  },
  {
    "id": "03915de9-06db-47e6-97fa-07cc6e037112",
    "data": [
      {
        "text": "Zinnia family",
        "userDefined": false
      }
    ],
    "isTemplate": false,
    "count": 0,
    "lang": "en",
    "updated": 0
  },
  {
    "id": "969948b1-c2fe-4734-b773-4cebbeaebbf2",
    "data": [
      {
        "text": "Which family does zinnia belong to",
        "userDefined": false
      }
    ],
    "isTemplate": false,
    "count": 0,
    "lang": "en",
    "updated": 0
  },
  {
    "id": "11e3d2d3-7dfc-4f6c-85c8-1065fab9585d",
    "data": [
      {
        "text": "family",
        "userDefined": false
      },
      {
        "text": " zinnia ",
        "userDefined": false
      },
      {
        "text": "flower",
        "userDefined": false
      }
    ],
    "isTemplate": false,
    "count": 0,
    "lang": "en",
    "updated": 0
  },
  {
    "id": "bd2effba-62b3-460f-ba38-8d8b66fb5109",
    "data": [
      {
        "text": "what are the ",
        "userDefined": false
      },
      {
        "text": "family",
        "userDefined": false
      },
      {
        "text": " type for zinnia ",
        "userDefined": false
      },
      {
        "text": "flower",
        "userDefined": false
      }
    ],
    "isTemplate": false,
    "count": 1,
    "lang": "en",
    "updated": 0
  },
  {
    "id": "3e6a9652-2cb8-4d82-83cf-af733ac90a96",
    "data": [
      {
        "text": "zinnia flower family?",
        "userDefined": false
      }
    ],
    "isTemplate": false,
    "count": 0,
    "lang": "en",
    "updated": 0
  },
  {
    "id": "440eafc8-1b7e-43bd-ac09-cadbe91f3780",
    "data": [
      {
        "text": "what is the family of zinnia flower?",
        "userDefined": false
      }
    ],
    "isTemplate": false,
    "count": 0,
    "lang": "en",
    "updated": 0
  },
  {
    "id": "ed1fa0c8-25fc-49c5-a609-060fd47d4907",
    "data": [
      {
        "text": "Which family is Zinnia classified as/",
        "userDefined": false
      }
    ],
    "isTemplate": false,
    "count": 0,
    "lang": "en",
    "updated": 0
  },
  {
    "id": "4de860eb-c3cd-4eb5-8d63-713b818a9567",
    "data": [
      {
        "text": "family",
        "userDefined": false
      }
    ],
    "isTemplate": false,
    "count": 3,
    "lang": "en",
    "updated": 0
  }
]