[
  {
    "id": "de51d236-7067-4046-a833-d34785d9109b",
    "data": [
      {
        "text": "what is transplanting seedlings method for zinnia flower",
        "userDefined": false
      }
    ],
    "isTemplate": false,
    "count": 0,
    "lang": "en",
    "updated": 0
  },
  {
    "id": "0e77e7e7-2012-43c9-ac28-18618112aa3a",
    "data": [
      {
        "text": "transplanting seedlings for zinnia flower is what",
        "userDefined": false
      }
    ],
    "isTemplate": false,
    "count": 0,
    "lang": "en",
    "updated": 0
  },
  {
    "id": "81b878a5-574a-4725-926d-1c63438c3ea7",
    "data": [
      {
        "text": "transplanting seedlings is what",
        "userDefined": false
      }
    ],
    "isTemplate": false,
    "count": 0,
    "lang": "en",
    "updated": 0
  },
  {
    "id": "aa9ebd30-4985-4fbd-b7e2-15c46c070a6b",
    "data": [
      {
        "text": "transplanting seedlings",
        "userDefined": false
      }
    ],
    "isTemplate": false,
    "count": 0,
    "lang": "en",
    "updated": 0
  },
  {
    "id": "2d97e668-5b25-43de-b7c8-0a00b633af5d",
    "data": [
      {
        "text": "can you explain how to use transplanting seedlings",
        "userDefined": false
      }
    ],
    "isTemplate": false,
    "count": 0,
    "lang": "en",
    "updated": 0
  },
  {
    "id": "11253365-44da-43c3-ae2f-fef1f7663b73",
    "data": [
      {
        "text": "transplanting is what",
        "userDefined": false
      }
    ],
    "isTemplate": false,
    "count": 0,
    "lang": "en",
    "updated": 0
  },
  {
    "id": "a5cd4705-507c-4850-b98b-86c3cb88b848",
    "data": [
      {
        "text": "what is transplanting",
        "userDefined": false
      }
    ],
    "isTemplate": false,
    "count": 1,
    "lang": "en",
    "updated": 0
  },
  {
    "id": "fd49f20f-2317-4246-86c3-aa659bea1ba5",
    "data": [
      {
        "text": "transplanting method is what",
        "userDefined": false
      }
    ],
    "isTemplate": false,
    "count": 0,
    "lang": "en",
    "updated": 0
  },
  {
    "id": "6c9644cf-2dcd-4e82-b3bc-ed30ece8e143",
    "data": [
      {
        "text": "what is transplanting method",
        "userDefined": false
      }
    ],
    "isTemplate": false,
    "count": 0,
    "lang": "en",
    "updated": 0
  },
  {
    "id": "ce359b76-2e4a-4bc2-a955-a37090a9ccc2",
    "data": [
      {
        "text": "seedlings",
        "userDefined": false
      }
    ],
    "isTemplate": false,
    "count": 0,
    "lang": "en",
    "updated": 0
  },
  {
    "id": "c44898fb-d712-483c-b513-9f3ac96aa559",
    "data": [
      {
        "text": "can you explain how to transplant zinnia flower",
        "userDefined": false
      }
    ],
    "isTemplate": false,
    "count": 0,
    "lang": "en",
    "updated": 0
  },
  {
    "id": "89bfe4d6-24aa-4086-8adc-408cb64864db",
    "data": [
      {
        "text": "can you explain what is transplant",
        "userDefined": false
      }
    ],
    "isTemplate": false,
    "count": 0,
    "lang": "en",
    "updated": 0
  },
  {
    "id": "d08e0142-4a85-4adb-a7bf-ae413d6a53a3",
    "data": [
      {
        "text": "how to transplant zinnia flower",
        "userDefined": false
      }
    ],
    "isTemplate": false,
    "count": 0,
    "lang": "en",
    "updated": 0
  },
  {
    "id": "190cc078-95db-4d0b-8dc6-43f4d3af89f3",
    "data": [
      {
        "text": "how to transplanting seedlings for Zinnia flower",
        "userDefined": false
      }
    ],
    "isTemplate": false,
    "count": 0,
    "lang": "en",
    "updated": 0
  },
  {
    "id": "f49978d1-8985-41f4-8799-e904b57004a6",
    "data": [
      {
        "text": "how to transplant seedlings for Zinnia flower",
        "userDefined": false
      }
    ],
    "isTemplate": false,
    "count": 0,
    "lang": "en",
    "updated": 0
  }
]