[
  {
    "id": "747291e0-d049-4914-9226-83a75c5a81e5",
    "data": [
      {
        "text": "Okay got it Thanks",
        "userDefined": false
      }
    ],
    "isTemplate": false,
    "count": 0,
    "lang": "en",
    "updated": 0
  },
  {
    "id": "929c61b1-8b24-41bb-b4bd-a51146b22720",
    "data": [
      {
        "text": "Thank You!",
        "userDefined": false
      }
    ],
    "isTemplate": false,
    "count": 0,
    "lang": "en",
    "updated": 0
  },
  {
    "id": "32b65fe7-41ca-4602-b24d-38efa8ed5389",
    "data": [
      {
        "text": "thank you",
        "userDefined": false
      }
    ],
    "isTemplate": false,
    "count": 0,
    "lang": "en",
    "updated": 0
  },
  {
    "id": "ff58d28e-2d9e-4845-89d3-5482f8973648",
    "data": [
      {
        "text": "Thank",
        "userDefined": false
      }
    ],
    "isTemplate": false,
    "count": 1,
    "lang": "en",
    "updated": 0
  },
  {
    "id": "23a7a1b7-97e1-42b3-b783-576efe3738f8",
    "data": [
      {
        "text": "thanks",
        "userDefined": false
      }
    ],
    "isTemplate": false,
    "count": 1,
    "lang": "en",
    "updated": 0
  },
  {
    "id": "e578256b-df32-47e6-9d83-074baf39ee45",
    "data": [
      {
        "text": "thanks for the info",
        "userDefined": false
      }
    ],
    "isTemplate": false,
    "count": 0,
    "lang": "en",
    "updated": 0
  },
  {
    "id": "5c4c139f-aa32-43b4-bc23-759e1cc20346",
    "data": [
      {
        "text": "i see",
        "userDefined": false
      }
    ],
    "isTemplate": false,
    "count": 0,
    "lang": "en",
    "updated": 0
  },
  {
    "id": "5a516fb2-6fd3-4887-9a1e-1366d0d6d257",
    "data": [
      {
        "text": "I’m all clear",
        "userDefined": false
      }
    ],
    "isTemplate": false,
    "count": 0,
    "lang": "en",
    "updated": 0
  }
]