[
  {
    "id": "3bb8e26a-0193-4545-81bd-1911dbc3fe0d",
    "data": [
      {
        "text": "do you know about other ",
        "userDefined": false
      },
      {
        "text": "flower",
        "userDefined": false
      }
    ],
    "isTemplate": false,
    "count": 0,
    "lang": "en",
    "updated": 0
  },
  {
    "id": "07ffc643-6d34-487a-9db7-27a13f084fbd",
    "data": [
      {
        "text": "do you know about sunflower",
        "userDefined": false
      }
    ],
    "isTemplate": false,
    "count": 0,
    "lang": "en",
    "updated": 0
  },
  {
    "id": "e531169d-de98-4140-a1bd-f00a736a5f0c",
    "data": [
      {
        "text": "do you know about ",
        "userDefined": false
      },
      {
        "text": "rose",
        "userDefined": false
      }
    ],
    "isTemplate": false,
    "count": 0,
    "lang": "en",
    "updated": 0
  },
  {
    "id": "40df8331-3319-4f9e-9214-03e19f5836a2",
    "data": [
      {
        "text": "do you know anything other than Zinnia ",
        "userDefined": false
      },
      {
        "text": "flower",
        "userDefined": false
      }
    ],
    "isTemplate": false,
    "count": 0,
    "lang": "en",
    "updated": 0
  },
  {
    "id": "067fadd6-9f47-4d04-8d84-c810675cd7f5",
    "data": [
      {
        "text": "do you know ",
        "userDefined": false
      },
      {
        "text": "rose",
        "userDefined": false
      },
      {
        "text": "?",
        "userDefined": false
      }
    ],
    "isTemplate": false,
    "count": 0,
    "lang": "en",
    "updated": 0
  },
  {
    "id": "1da32e11-9d27-47a0-8a1b-b7a8f10a184f",
    "data": [
      {
        "text": "what flower do you know?",
        "userDefined": false
      }
    ],
    "isTemplate": false,
    "count": 0,
    "lang": "en",
    "updated": 0
  },
  {
    "id": "1dc33202-d44e-45d7-ad03-044812af1e0b",
    "data": [
      {
        "text": "do you have information on orchids",
        "userDefined": false
      }
    ],
    "isTemplate": false,
    "count": 0,
    "lang": "en",
    "updated": 0
  },
  {
    "id": "89aa9edc-071c-47de-8d7d-958c71bd48a9",
    "data": [
      {
        "text": "How does Zinnia differ from other flowers?",
        "userDefined": false
      }
    ],
    "isTemplate": false,
    "count": 0,
    "lang": "en",
    "updated": 0
  },
  {
    "id": "9b9dfe0e-2497-482f-9e58-ceb920622746",
    "data": [
      {
        "text": "tell me about ",
        "userDefined": false
      },
      {
        "text": "rose",
        "userDefined": false
      }
    ],
    "isTemplate": false,
    "count": 0,
    "lang": "en",
    "updated": 0
  }
]