[
  {
    "id": "c5203d7b-378b-4c92-8949-0bfad0ff1b20",
    "data": [
      {
        "text": "what languages you know",
        "userDefined": false
      }
    ],
    "isTemplate": false,
    "count": 0,
    "lang": "en",
    "updated": 0
  },
  {
    "id": "923a494b-0850-467c-9576-c4cc119d1807",
    "data": [
      {
        "text": "what languages you understand",
        "userDefined": false
      }
    ],
    "isTemplate": false,
    "count": 0,
    "lang": "en",
    "updated": 0
  },
  {
    "id": "ad323868-59b3-4e76-9a52-d80d8624c8d2",
    "data": [
      {
        "text": "what language you understand",
        "userDefined": false
      }
    ],
    "isTemplate": false,
    "count": 0,
    "lang": "en",
    "updated": 0
  },
  {
    "id": "30a62874-2da1-40ed-8056-54f823107e5c",
    "data": [
      {
        "text": "what language you know",
        "userDefined": false
      }
    ],
    "isTemplate": false,
    "count": 0,
    "lang": "en",
    "updated": 0
  },
  {
    "id": "a5620405-ab97-4981-b007-b2c0017f49bc",
    "data": [
      {
        "text": "you only understand ",
        "userDefined": false
      },
      {
        "text": "english",
        "userDefined": false
      }
    ],
    "isTemplate": false,
    "count": 0,
    "lang": "en",
    "updated": 0
  },
  {
    "id": "bbedbe31-179e-46f3-9c21-85ee8db8763c",
    "data": [
      {
        "text": "do you know ",
        "userDefined": false
      },
      {
        "text": "english",
        "userDefined": true
      }
    ],
    "isTemplate": false,
    "count": 0,
    "lang": "en",
    "updated": 0
  }
]