[
  {
    "id": "72f98836-b925-4b7b-8519-446bc3cf7f0f",
    "data": [
      {
        "text": "information",
        "userDefined": false
      }
    ],
    "isTemplate": false,
    "count": 73,
    "lang": "en",
    "updated": 0
  },
  {
    "id": "d1c98f19-5499-4637-8966-2d57fba4a901",
    "data": [
      {
        "text": "info of zinnia flower",
        "userDefined": false
      }
    ],
    "isTemplate": false,
    "count": 1,
    "lang": "en",
    "updated": 0
  },
  {
    "id": "49e11c35-768b-4172-86d3-df44825db3a1",
    "data": [
      {
        "text": "What is the info for Zinnia flower",
        "userDefined": false
      }
    ],
    "isTemplate": false,
    "count": 0,
    "lang": "en",
    "updated": 0
  },
  {
    "id": "997093ee-1a44-4cbc-b9c7-2d45f17899e9",
    "data": [
      {
        "text": "Can I get some info for Zinnia flowers",
        "userDefined": false
      }
    ],
    "isTemplate": false,
    "count": 0,
    "lang": "en",
    "updated": 0
  },
  {
    "id": "0e3b76b9-597d-4f5a-9132-4fa9a5c7590e",
    "data": [
      {
        "text": "Information of Zinnia Flowers",
        "userDefined": false
      }
    ],
    "isTemplate": false,
    "count": 0,
    "lang": "en",
    "updated": 0
  },
  {
    "id": "9cddf3a8-0caa-4b3a-851d-d0c348c2921c",
    "data": [
      {
        "text": "What is the information for Zinnia Flowers",
        "userDefined": false
      }
    ],
    "isTemplate": false,
    "count": 0,
    "lang": "en",
    "updated": 0
  },
  {
    "id": "72eeec59-9ace-4da9-8db3-367b1f44a708",
    "data": [
      {
        "text": "Can I get some information regarding Zinnia Flowers",
        "userDefined": false
      }
    ],
    "isTemplate": false,
    "count": 0,
    "lang": "en",
    "updated": 0
  },
  {
    "id": "c297f4fb-6204-45b5-8909-ff2585f00cd6",
    "data": [
      {
        "text": "can i get some info regarding Zinnia flower",
        "userDefined": false
      }
    ],
    "isTemplate": false,
    "count": 0,
    "lang": "en",
    "updated": 0
  },
  {
    "id": "3e2de502-2fc2-420a-a68a-98f283dfcfc4",
    "data": [
      {
        "text": "can i know the information of zinnia flower?",
        "userDefined": false
      }
    ],
    "isTemplate": false,
    "count": 0,
    "lang": "en",
    "updated": 0
  },
  {
    "id": "5181d558-20ce-41c9-92e2-86be98101132",
    "data": [
      {
        "text": "can i know the information of zinnia flower",
        "userDefined": false
      }
    ],
    "isTemplate": false,
    "count": 0,
    "lang": "en",
    "updated": 0
  },
  {
    "id": "95fdc064-ab2c-4b18-8e49-4a06dca8b5ef",
    "data": [
      {
        "text": "could you tell me more about ",
        "userDefined": false
      },
      {
        "text": "zinnie",
        "userDefined": false
      },
      {
        "text": " flower?",
        "userDefined": false
      }
    ],
    "isTemplate": false,
    "count": 1,
    "lang": "en",
    "updated": 0
  },
  {
    "id": "a55577c3-5335-4086-9153-deefc784df0a",
    "data": [
      {
        "text": "tell me about ",
        "userDefined": false
      },
      {
        "text": "zinnie",
        "userDefined": false
      },
      {
        "text": " flower",
        "userDefined": false
      }
    ],
    "isTemplate": false,
    "count": 0,
    "lang": "en",
    "updated": 0
  },
  {
    "id": "fb0375a9-6c21-41d0-b63c-714136bdeae1",
    "data": [
      {
        "text": "can i know more about the zinnia flower?",
        "userDefined": false
      }
    ],
    "isTemplate": false,
    "count": 0,
    "lang": "en",
    "updated": 0
  },
  {
    "id": "09fc07e4-4bd1-4f1c-b5ec-a25a00a6fb01",
    "data": [
      {
        "text": "Can I get some basic information?",
        "userDefined": false
      }
    ],
    "isTemplate": false,
    "count": 0,
    "lang": "en",
    "updated": 0
  },
  {
    "id": "4903e0dd-42d6-48b9-8070-d05cd52c8376",
    "data": [
      {
        "text": "can i get information of ziniia",
        "userDefined": false
      }
    ],
    "isTemplate": false,
    "count": 0,
    "lang": "en",
    "updated": 0
  },
  {
    "id": "8e68b53f-7a9e-44f4-8adb-143e88ad3eb0",
    "data": [
      {
        "text": "temperature",
        "userDefined": false
      }
    ],
    "isTemplate": false,
    "count": 0,
    "lang": "en",
    "updated": 0
  },
  {
    "id": "f6972244-1bef-42e2-ae2b-d9b9b2e813e5",
    "data": [
      {
        "text": "can i know more about the information",
        "userDefined": false
      }
    ],
    "isTemplate": false,
    "count": 0,
    "lang": "en",
    "updated": 0
  },
  {
    "id": "c0923806-058f-4989-bc84-706b669dcb8a",
    "data": [
      {
        "text": "what is zinnia flower",
        "userDefined": false
      }
    ],
    "isTemplate": false,
    "count": 1,
    "lang": "en",
    "updated": 0
  },
  {
    "id": "d5d21ff4-b9cd-40a4-abaa-c94dde0e66a2",
    "data": [
      {
        "text": "how long do zinnia flower live?",
        "userDefined": false
      }
    ],
    "isTemplate": false,
    "count": 1,
    "lang": "en",
    "updated": 0
  },
  {
    "id": "fc7469d2-cb2b-43e6-8fb9-fe27d2fb0f78",
    "data": [
      {
        "text": "tell me the characteristic of the flower",
        "userDefined": false
      }
    ],
    "isTemplate": false,
    "count": 0,
    "lang": "en",
    "updated": 0
  },
  {
    "id": "960a5d42-3724-4d74-8be1-48ba92f88416",
    "data": [
      {
        "text": "ya, tell me about zinnia flower",
        "userDefined": false
      }
    ],
    "isTemplate": false,
    "count": 0,
    "lang": "en",
    "updated": 0
  },
  {
    "id": "6ea2ed6e-7a5d-4bd4-be53-0d6ac3ec1d8b",
    "data": [
      {
        "text": "what is zinnia",
        "userDefined": false
      }
    ],
    "isTemplate": false,
    "count": 0,
    "lang": "en",
    "updated": 0
  },
  {
    "id": "cd63679f-54a9-4688-a2e5-827f71366df4",
    "data": [
      {
        "text": "can you tell more about you?",
        "userDefined": false
      }
    ],
    "isTemplate": false,
    "count": 0,
    "lang": "en",
    "updated": 0
  },
  {
    "id": "a2abe329-0593-494c-bec5-cf07d28a12c3",
    "data": [
      {
        "text": "What is zinnia?",
        "userDefined": false
      }
    ],
    "isTemplate": false,
    "count": 0,
    "lang": "en",
    "updated": 0
  }
]