[
  {
    "id": "9c9062ba-562a-452b-8937-4a06e5648d22",
    "data": [
      {
        "text": "attention",
        "userDefined": true
      },
      {
        "text": " while planting zinnia flower",
        "userDefined": false
      }
    ],
    "isTemplate": false,
    "count": 0,
    "lang": "en",
    "updated": 0
  },
  {
    "id": "c92f10e2-97b7-4759-a92c-b026bb016ddc",
    "data": [
      {
        "text": "main thing to pay ",
        "userDefined": false
      },
      {
        "text": "attention",
        "userDefined": true
      },
      {
        "text": " to planting zinnia flower",
        "userDefined": false
      }
    ],
    "isTemplate": false,
    "count": 0,
    "lang": "en",
    "updated": 0
  },
  {
    "id": "ef53ed77-33de-4d7d-882d-7ea4aaefca98",
    "data": [
      {
        "text": "attention",
        "userDefined": true
      },
      {
        "text": " for planting zinnia flower",
        "userDefined": false
      }
    ],
    "isTemplate": false,
    "count": 0,
    "lang": "en",
    "updated": 0
  },
  {
    "id": "cf1a1f2b-2de8-4f26-bbde-1bda203c3f7d",
    "data": [
      {
        "text": "attention",
        "userDefined": true
      },
      {
        "text": " plant zinnia flower",
        "userDefined": false
      }
    ],
    "isTemplate": false,
    "count": 0,
    "lang": "en",
    "updated": 0
  },
  {
    "id": "6fa8236e-5da7-43df-a869-b76a8bdf6e4a",
    "data": [
      {
        "text": "attention",
        "userDefined": true
      },
      {
        "text": " to plant zinnia flower",
        "userDefined": false
      }
    ],
    "isTemplate": false,
    "count": 8,
    "lang": "en",
    "updated": 0
  },
  {
    "id": "e50dd4d4-55f4-406c-95ce-f9ca7ab471e1",
    "data": [
      {
        "text": "alright then could you explain what the ",
        "userDefined": false
      },
      {
        "text": "attention",
        "userDefined": true
      },
      {
        "text": " are should pay on planting zinnia flower ?",
        "userDefined": false
      }
    ],
    "isTemplate": false,
    "count": 0,
    "lang": "en",
    "updated": 0
  },
  {
    "id": "ab3e9a0f-2338-4643-88d8-fbf3c4b0ed49",
    "data": [
      {
        "text": "attention",
        "userDefined": true
      },
      {
        "text": " to planting zinnia flower?",
        "userDefined": false
      }
    ],
    "isTemplate": false,
    "count": 1,
    "lang": "en",
    "updated": 0
  },
  {
    "id": "38073b53-a690-4399-814c-84ef878908bb",
    "data": [
      {
        "text": "what is the things should made ",
        "userDefined": false
      },
      {
        "text": "attention",
        "userDefined": true
      },
      {
        "text": " when planting zinnia flower?",
        "userDefined": false
      }
    ],
    "isTemplate": false,
    "count": 0,
    "lang": "en",
    "updated": 0
  },
  {
    "id": "a5cd8733-6f1f-4835-985e-e65a38fad704",
    "data": [
      {
        "text": "Okay can i know what is the ",
        "userDefined": false
      },
      {
        "text": "attention",
        "userDefined": true
      },
      {
        "text": " should be aware of?",
        "userDefined": false
      }
    ],
    "isTemplate": false,
    "count": 0,
    "lang": "en",
    "updated": 0
  },
  {
    "id": "47f231dc-99ee-4138-9a28-69e332cd13b8",
    "data": [
      {
        "text": "attention",
        "userDefined": true
      },
      {
        "text": "?",
        "userDefined": false
      }
    ],
    "isTemplate": false,
    "count": 0,
    "lang": "en",
    "updated": 0
  },
  {
    "id": "7d64bddd-ec30-4ddd-b991-07ab5a2c1ff3",
    "data": [
      {
        "text": "What I do I need to pay attention to when plating zinnias?",
        "userDefined": false
      }
    ],
    "isTemplate": false,
    "count": 0,
    "lang": "en",
    "updated": 0
  },
  {
    "id": "c0da9620-49ce-417a-8539-e1a9750253cc",
    "data": [
      {
        "text": "What should I be aware of when planting zinnias",
        "userDefined": false
      }
    ],
    "isTemplate": false,
    "count": 0,
    "lang": "en",
    "updated": 0
  },
  {
    "id": "20976977-434c-43e7-82e6-48975d265e6d",
    "data": [
      {
        "text": "attention while planting Zinnia Flower?",
        "userDefined": false
      }
    ],
    "isTemplate": false,
    "count": 3,
    "lang": "en",
    "updated": 0
  },
  {
    "id": "c4564332-0fa6-40bb-8ab9-14a9e7a4e4cc",
    "data": [
      {
        "text": "Can i know what are the attention while planting Zinnia Flower?",
        "userDefined": false
      }
    ],
    "isTemplate": false,
    "count": 0,
    "lang": "en",
    "updated": 0
  },
  {
    "id": "0742bf40-7f1e-447e-9a83-5df7df7a217e",
    "data": [
      {
        "text": "attention?",
        "userDefined": false
      }
    ],
    "isTemplate": false,
    "count": 0,
    "lang": "en",
    "updated": 0
  },
  {
    "id": "28322d9b-46dd-41d9-aeba-fb965f3bb534",
    "data": [
      {
        "text": "any attention needed when planting zinnia flower?",
        "userDefined": false
      }
    ],
    "isTemplate": false,
    "count": 1,
    "lang": "en",
    "updated": 0
  },
  {
    "id": "c908c56e-30db-4840-b1c0-9ff824267215",
    "data": [
      {
        "text": "any other things need to pay attention too?",
        "userDefined": false
      }
    ],
    "isTemplate": false,
    "count": 2,
    "lang": "en",
    "updated": 0
  },
  {
    "id": "ed2714f1-0a0f-49c7-b089-83e8365b38c2",
    "data": [
      {
        "text": "what do we need to pay attention to when planting zinnias?",
        "userDefined": false
      }
    ],
    "isTemplate": false,
    "count": 1,
    "lang": "en",
    "updated": 0
  },
  {
    "id": "1a2dcbfa-4553-4cf3-bead-c72f018cab57",
    "data": [
      {
        "text": "Anything else need to pay attentions too ?",
        "userDefined": false
      }
    ],
    "isTemplate": false,
    "count": 5,
    "lang": "en",
    "updated": 0
  },
  {
    "id": "8e08200a-e134-495e-9a0e-e449a42b9f97",
    "data": [
      {
        "text": "is there any attention needed while planting zinnia",
        "userDefined": false
      }
    ],
    "isTemplate": false,
    "count": 1,
    "lang": "en",
    "updated": 0
  },
  {
    "id": "86f4c31b-c8ea-4ecd-b9f2-9294d19ef132",
    "data": [
      {
        "text": "can i get what are the attention need for zinnia",
        "userDefined": false
      }
    ],
    "isTemplate": false,
    "count": 3,
    "lang": "en",
    "updated": 0
  },
  {
    "id": "86d68150-c42b-4518-96b9-8c597c8945ba",
    "data": [
      {
        "text": "what attention need to plant zinnia ?",
        "userDefined": false
      }
    ],
    "isTemplate": false,
    "count": 1,
    "lang": "en",
    "updated": 0
  },
  {
    "id": "7f79db21-4544-46ce-ad2c-3a0b2fd60f80",
    "data": [
      {
        "text": "can i know what are the attention need when planting zinnia flower?",
        "userDefined": false
      }
    ],
    "isTemplate": false,
    "count": 0,
    "lang": "en",
    "updated": 0
  },
  {
    "id": "febbad90-7328-4f92-9d6f-d34a37d2c002",
    "data": [
      {
        "text": "Can I know what are the attention needed on zinnia flower?",
        "userDefined": false
      }
    ],
    "isTemplate": false,
    "count": 5,
    "lang": "en",
    "updated": 0
  },
  {
    "id": "32bec1ad-c7ec-410c-b779-4031deb762be",
    "data": [
      {
        "text": "attention for planting zinnia flower?",
        "userDefined": false
      }
    ],
    "isTemplate": false,
    "count": 0,
    "lang": "en",
    "updated": 0
  },
  {
    "id": "e4fa5c12-7e88-419c-982a-07fcaf07b896",
    "data": [
      {
        "text": "can i get some attention while planting zinnia flower?",
        "userDefined": false
      }
    ],
    "isTemplate": false,
    "count": 0,
    "lang": "en",
    "updated": 0
  },
  {
    "id": "6ed285eb-66f4-4c0b-8fd0-2ca8eef971ca",
    "data": [
      {
        "text": "attention for zinnia flower",
        "userDefined": false
      }
    ],
    "isTemplate": false,
    "count": 0,
    "lang": "en",
    "updated": 0
  },
  {
    "id": "d691a983-c0ab-4f97-934f-54b2d2232900",
    "data": [
      {
        "text": "what are the attention needed planting zinnia flower",
        "userDefined": false
      }
    ],
    "isTemplate": false,
    "count": 0,
    "lang": "en",
    "updated": 0
  },
  {
    "id": "27845a47-6e21-4643-9ac3-574b0b1c5498",
    "data": [
      {
        "text": "attention",
        "userDefined": false
      }
    ],
    "isTemplate": false,
    "count": 0,
    "lang": "en",
    "updated": 0
  },
  {
    "id": "ca57535d-a9fb-4dbf-83e3-87c96be17531",
    "data": [
      {
        "text": "attentio",
        "userDefined": false
      }
    ],
    "isTemplate": false,
    "count": 0,
    "lang": "en",
    "updated": 0
  },
  {
    "id": "340f140a-104a-45ec-b60e-3e55d25428a4",
    "data": [
      {
        "text": "what do we need to be aware of when planting zinnias",
        "userDefined": false
      }
    ],
    "isTemplate": false,
    "count": 0,
    "lang": "en",
    "updated": 0
  },
  {
    "id": "5d55f91a-c9d2-460e-a34d-5fbf321e81e4",
    "data": [
      {
        "text": "what are the attention need when planting zinnia flower",
        "userDefined": false
      }
    ],
    "isTemplate": false,
    "count": 0,
    "lang": "en",
    "updated": 0
  },
  {
    "id": "267f0f98-9ead-40b5-91c7-85a4139a96bb",
    "data": [
      {
        "text": "planting",
        "userDefined": false
      }
    ],
    "isTemplate": false,
    "count": 0,
    "lang": "en",
    "updated": 0
  },
  {
    "id": "0d45af94-c0d0-4a7c-8a77-07c499271737",
    "data": [
      {
        "text": "how long can it survive?",
        "userDefined": false
      }
    ],
    "isTemplate": false,
    "count": 0,
    "lang": "en",
    "updated": 0
  }
]