[
  {
    "id": "85238c04-dfe3-49c0-9dcd-af2f882b4982",
    "data": [
      {
        "text": "benefits of zinnia",
        "userDefined": false
      }
    ],
    "isTemplate": false,
    "count": 0,
    "lang": "en",
    "updated": 0
  },
  {
    "id": "8761e5a8-5e79-49dd-b2b5-28bf8100fd38",
    "data": [
      {
        "text": "how about the benefit ?",
        "userDefined": false
      }
    ],
    "isTemplate": false,
    "count": 0,
    "lang": "en",
    "updated": 0
  },
  {
    "id": "975c1f7b-0823-4118-af63-a620ef04b45c",
    "data": [
      {
        "text": "benefit",
        "userDefined": false
      }
    ],
    "isTemplate": false,
    "count": 24,
    "lang": "en",
    "updated": 0
  },
  {
    "id": "194e3a4d-e36c-40b6-8452-ac90bcc71955",
    "data": [
      {
        "text": "any benefit of zinnia flower?",
        "userDefined": false
      }
    ],
    "isTemplate": false,
    "count": 0,
    "lang": "en",
    "updated": 0
  },
  {
    "id": "1e237fbb-7df9-42d3-99d4-1b44de71d36f",
    "data": [
      {
        "text": "what are the benefits for zinnia flower?",
        "userDefined": false
      }
    ],
    "isTemplate": false,
    "count": 0,
    "lang": "en",
    "updated": 0
  },
  {
    "id": "8fd04d29-9b46-47e4-81cc-54acd8611b6b",
    "data": [
      {
        "text": "benefit of zinnia flower",
        "userDefined": false
      }
    ],
    "isTemplate": false,
    "count": 0,
    "lang": "en",
    "updated": 0
  },
  {
    "id": "1787b03c-afe9-40b1-b2e5-eb1fe517b677",
    "data": [
      {
        "text": "benefit zinnia flower",
        "userDefined": false
      }
    ],
    "isTemplate": false,
    "count": 0,
    "lang": "en",
    "updated": 0
  },
  {
    "id": "e1871a91-4251-4b62-bfa5-eeea85fd3011",
    "data": [
      {
        "text": "goods of zinnia flower",
        "userDefined": false
      }
    ],
    "isTemplate": false,
    "count": 0,
    "lang": "en",
    "updated": 0
  },
  {
    "id": "53132e2a-ed40-42b4-958e-456e3d9495b3",
    "data": [
      {
        "text": "what are the goods of zinnia flower?",
        "userDefined": false
      }
    ],
    "isTemplate": false,
    "count": 0,
    "lang": "en",
    "updated": 0
  },
  {
    "id": "d4f5d5c5-db76-4d0a-af85-2d7181323ccf",
    "data": [
      {
        "text": "What do we get from zinnia flowers",
        "userDefined": false
      }
    ],
    "isTemplate": false,
    "count": 0,
    "lang": "en",
    "updated": 0
  },
  {
    "id": "c04cc960-9679-4bf4-82da-cf04922092bd",
    "data": [
      {
        "text": "What can zinnias be used for",
        "userDefined": false
      }
    ],
    "isTemplate": false,
    "count": 0,
    "lang": "en",
    "updated": 0
  },
  {
    "id": "1902d097-1383-47ef-955a-f339cb499707",
    "data": [
      {
        "text": "What are the uses of zinnia flowers",
        "userDefined": false
      }
    ],
    "isTemplate": false,
    "count": 0,
    "lang": "en",
    "updated": 0
  },
  {
    "id": "d2395916-3b5a-4619-a48f-a6be454c1902",
    "data": [
      {
        "text": "How can zinnias be used",
        "userDefined": false
      }
    ],
    "isTemplate": false,
    "count": 0,
    "lang": "en",
    "updated": 0
  },
  {
    "id": "4f3845b0-5bbc-47aa-b613-c0817d0faa2c",
    "data": [
      {
        "text": "benefits",
        "userDefined": false
      }
    ],
    "isTemplate": false,
    "count": 0,
    "lang": "en",
    "updated": 0
  },
  {
    "id": "8d7d82e9-7ef5-43c2-ba19-38d55d8fe965",
    "data": [
      {
        "text": "How are zinnia flowers commonly used",
        "userDefined": false
      }
    ],
    "isTemplate": false,
    "count": 0,
    "lang": "en",
    "updated": 0
  },
  {
    "id": "52552301-75e6-4ee2-91ae-1ce0aa6c184f",
    "data": [
      {
        "text": "How are zinnias commonly used",
        "userDefined": false
      }
    ],
    "isTemplate": false,
    "count": 0,
    "lang": "en",
    "updated": 0
  },
  {
    "id": "f4b82217-d8e3-46a7-be44-fa4d49562e67",
    "data": [
      {
        "text": "How is zinnia flowers used",
        "userDefined": false
      }
    ],
    "isTemplate": false,
    "count": 0,
    "lang": "en",
    "updated": 0
  },
  {
    "id": "ad53db9c-9f48-4712-a9c9-23b76e4c24ea",
    "data": [
      {
        "text": "How is zinnias used",
        "userDefined": false
      }
    ],
    "isTemplate": false,
    "count": 1,
    "lang": "en",
    "updated": 0
  },
  {
    "id": "18064ad6-0623-40be-9473-879913e67a5a",
    "data": [
      {
        "text": "What are the uses of zinnias",
        "userDefined": false
      }
    ],
    "isTemplate": false,
    "count": 0,
    "lang": "en",
    "updated": 0
  },
  {
    "id": "049c86a5-b9ab-4de6-af84-7c404bfc86c4",
    "data": [
      {
        "text": "How can zinnia flowers be used",
        "userDefined": false
      }
    ],
    "isTemplate": false,
    "count": 1,
    "lang": "en",
    "updated": 0
  },
  {
    "id": "5760f647-2021-49ba-a656-3a4b94b276ef",
    "data": [
      {
        "text": "usage",
        "userDefined": false
      }
    ],
    "isTemplate": false,
    "count": 50,
    "lang": "en",
    "updated": 0
  },
  {
    "id": "b42694c9-92a0-4277-a681-3afb8823005e",
    "data": [
      {
        "text": "zinnia flower usage",
        "userDefined": false
      }
    ],
    "isTemplate": false,
    "count": 0,
    "lang": "en",
    "updated": 0
  },
  {
    "id": "113714ab-65dc-4b72-a7d5-fa0fbe0d471d",
    "data": [
      {
        "text": "usage zinnia flower",
        "userDefined": false
      }
    ],
    "isTemplate": false,
    "count": 0,
    "lang": "en",
    "updated": 0
  },
  {
    "id": "5448d83b-2341-488d-9d86-9df4fcc1ae7e",
    "data": [
      {
        "text": "Any usage of ZInnia flower?",
        "userDefined": false
      }
    ],
    "isTemplate": false,
    "count": 0,
    "lang": "en",
    "updated": 0
  },
  {
    "id": "b3522163-e50d-4617-a89d-1dacc6935ffa",
    "data": [
      {
        "text": "What is the usage of Zinnia flower?",
        "userDefined": false
      }
    ],
    "isTemplate": false,
    "count": 0,
    "lang": "en",
    "updated": 0
  },
  {
    "id": "3947292a-7f35-445d-a09c-1a5116b3f0a5",
    "data": [
      {
        "text": "any uses of zinnia flower?",
        "userDefined": false
      }
    ],
    "isTemplate": false,
    "count": 1,
    "lang": "en",
    "updated": 0
  },
  {
    "id": "b6324274-9bc4-47d3-8e34-651317c75057",
    "data": [
      {
        "text": "How do i use it",
        "userDefined": false
      }
    ],
    "isTemplate": false,
    "count": 0,
    "lang": "en",
    "updated": 0
  },
  {
    "id": "0be8c0e4-67c0-41f6-8129-b360d5928e12",
    "data": [
      {
        "text": "what is the benefit of zinnia",
        "userDefined": false
      }
    ],
    "isTemplate": false,
    "count": 1,
    "lang": "en",
    "updated": 0
  },
  {
    "id": "53d6726d-12d1-4f95-ba55-fbd3f4c3357e",
    "data": [
      {
        "text": "what are the benefits of zinnia?",
        "userDefined": false
      }
    ],
    "isTemplate": false,
    "count": 0,
    "lang": "en",
    "updated": 0
  },
  {
    "id": "21db6c7a-765a-42d0-b16b-2bb42bcd8cfc",
    "data": [
      {
        "text": "what are the benefit of zinnia ?",
        "userDefined": false
      }
    ],
    "isTemplate": false,
    "count": 0,
    "lang": "en",
    "updated": 0
  },
  {
    "id": "7948bd6f-0e68-4461-9635-b87c751513ce",
    "data": [
      {
        "text": "what are the benefit",
        "userDefined": false
      }
    ],
    "isTemplate": false,
    "count": 0,
    "lang": "en",
    "updated": 0
  }
]