[
  {
    "id": "ab1d8479-1325-40d1-91cb-1d9f34654bfa",
    "data": [
      {
        "text": "anti inflammatory explain",
        "userDefined": false
      }
    ],
    "isTemplate": false,
    "count": 0,
    "lang": "en",
    "updated": 0
  },
  {
    "id": "71633ed0-34b0-4472-a3ea-441757194da2",
    "data": [
      {
        "text": "antiinflammatory explain",
        "userDefined": false
      }
    ],
    "isTemplate": false,
    "count": 0,
    "lang": "en",
    "updated": 0
  },
  {
    "id": "3ea847e4-db2b-46cb-b01a-0bcbe1c4f075",
    "data": [
      {
        "text": "can you explain what is anti inflammatory",
        "userDefined": false
      }
    ],
    "isTemplate": false,
    "count": 0,
    "lang": "en",
    "updated": 0
  },
  {
    "id": "42d55e1f-d7db-4062-818e-26a36a83ffa3",
    "data": [
      {
        "text": "can you explain what is antiinflammatory",
        "userDefined": false
      }
    ],
    "isTemplate": false,
    "count": 0,
    "lang": "en",
    "updated": 0
  },
  {
    "id": "937a165c-9ece-4e1c-808b-a2cf5d8968fa",
    "data": [
      {
        "text": "what is antiinflammatory",
        "userDefined": false
      }
    ],
    "isTemplate": false,
    "count": 0,
    "lang": "en",
    "updated": 0
  },
  {
    "id": "5a9e94cc-4ce7-4439-a0be-2697de7f1aad",
    "data": [
      {
        "text": "explain the anti inflammatory",
        "userDefined": false
      }
    ],
    "isTemplate": false,
    "count": 0,
    "lang": "en",
    "updated": 0
  },
  {
    "id": "8463e287-0027-4712-b4b1-aa5c3462d3e1",
    "data": [
      {
        "text": "can explain the anti inflammatory",
        "userDefined": false
      }
    ],
    "isTemplate": false,
    "count": 0,
    "lang": "en",
    "updated": 0
  },
  {
    "id": "b387f6cc-604c-4dd0-8d4b-1ff12ea4548f",
    "data": [
      {
        "text": "further explain the anti inflammatory",
        "userDefined": false
      }
    ],
    "isTemplate": false,
    "count": 0,
    "lang": "en",
    "updated": 0
  },
  {
    "id": "3e89ecb3-f3f3-4fe4-8a2e-227f6d7937fe",
    "data": [
      {
        "text": "inflammantory",
        "userDefined": false
      }
    ],
    "isTemplate": false,
    "count": 0,
    "lang": "en",
    "updated": 0
  },
  {
    "id": "a4b290f8-3290-4bc7-bac0-62974facf7c1",
    "data": [
      {
        "text": "anti-inflammatory",
        "userDefined": false
      }
    ],
    "isTemplate": false,
    "count": 0,
    "lang": "en",
    "updated": 0
  },
  {
    "id": "3abcf587-7bff-4b0d-8323-25fe422b4c6f",
    "data": [
      {
        "text": "what is anti inflammatory",
        "userDefined": false
      }
    ],
    "isTemplate": false,
    "count": 11,
    "lang": "en",
    "updated": 0
  }
]