[
  {
    "id": "4fb9f3c7-7d34-480f-8dec-a75d95f34e85",
    "data": [
      {
        "text": "wound healing explain",
        "userDefined": false
      }
    ],
    "isTemplate": false,
    "count": 0,
    "lang": "en",
    "updated": 0
  },
  {
    "id": "479431fd-c4f4-41a3-a717-d983d32cf4b6",
    "data": [
      {
        "text": "wound healing made by zinnia",
        "userDefined": false
      }
    ],
    "isTemplate": false,
    "count": 0,
    "lang": "en",
    "updated": 0
  },
  {
    "id": "35a8c454-4840-4251-b3e4-63ad8b89cb16",
    "data": [
      {
        "text": "what is wound healing",
        "userDefined": false
      }
    ],
    "isTemplate": false,
    "count": 0,
    "lang": "en",
    "updated": 0
  },
  {
    "id": "c7db1794-a9cd-4439-a7a1-ed305f2a035e",
    "data": [
      {
        "text": "can you explain wound healing",
        "userDefined": false
      }
    ],
    "isTemplate": false,
    "count": 0,
    "lang": "en",
    "updated": 0
  },
  {
    "id": "c69df128-f52f-4dde-a97d-89bc55f84271",
    "data": [
      {
        "text": "can you further explain wound healing",
        "userDefined": false
      }
    ],
    "isTemplate": false,
    "count": 0,
    "lang": "en",
    "updated": 0
  },
  {
    "id": "83a98033-4095-4b17-92aa-e1669e9696d4",
    "data": [
      {
        "text": "healing",
        "userDefined": false
      }
    ],
    "isTemplate": false,
    "count": 0,
    "lang": "en",
    "updated": 0
  },
  {
    "id": "4f3db2f6-d437-47e1-af5f-dc78fcee149f",
    "data": [
      {
        "text": "wound",
        "userDefined": false
      }
    ],
    "isTemplate": false,
    "count": 0,
    "lang": "en",
    "updated": 0
  },
  {
    "id": "7467c80b-5bb6-41bd-acc4-4a0b3c30608a",
    "data": [
      {
        "text": "wound healing",
        "userDefined": false
      }
    ],
    "isTemplate": false,
    "count": 3,
    "lang": "en",
    "updated": 0
  },
  {
    "id": "a16d6248-db85-4bf9-9853-1198adc776a8",
    "data": [
      {
        "text": "what wound healing will done by zinnia flower",
        "userDefined": false
      }
    ],
    "isTemplate": false,
    "count": 1,
    "lang": "en",
    "updated": 0
  }
]