[
  {
    "id": "5bebe368-4bfb-4cc2-a973-26e097372f13",
    "data": [
      {
        "text": "How to plant zinnia flowers in ",
        "userDefined": false
      },
      {
        "text": "malaysia",
        "meta": "@sys.geo-country",
        "alias": "geo-country",
        "userDefined": false
      }
    ],
    "isTemplate": false,
    "count": 0,
    "lang": "en",
    "updated": 0
  },
  {
    "id": "8436b144-1f0f-4a7f-b7bf-b99252f50695",
    "data": [
      {
        "text": "How to plant zinnias in ",
        "userDefined": false
      },
      {
        "text": "malaysia",
        "meta": "@sys.geo-country",
        "alias": "geo-country",
        "userDefined": false
      }
    ],
    "isTemplate": false,
    "count": 0,
    "lang": "en",
    "updated": 0
  },
  {
    "id": "e96e6607-8f3f-4fe1-9bd8-12b6ac7f3113",
    "data": [
      {
        "text": "How to plant zinnia flowers",
        "userDefined": false
      }
    ],
    "isTemplate": false,
    "count": 0,
    "lang": "en",
    "updated": 0
  },
  {
    "id": "bb5731ac-e114-4ba5-b7c5-937104c00933",
    "data": [
      {
        "text": "How to plant zinnias",
        "userDefined": false
      }
    ],
    "isTemplate": false,
    "count": 0,
    "lang": "en",
    "updated": 0
  },
  {
    "id": "4f40eb60-036c-450a-b181-d0bbae95a24e",
    "data": [
      {
        "text": "Explain how to plant zinnia flowers",
        "userDefined": false
      }
    ],
    "isTemplate": false,
    "count": 0,
    "lang": "en",
    "updated": 0
  },
  {
    "id": "5a3e7af0-1d70-49a8-be35-01fc77862503",
    "data": [
      {
        "text": "Explain how to plant zinnias",
        "userDefined": false
      }
    ],
    "isTemplate": false,
    "count": 0,
    "lang": "en",
    "updated": 0
  },
  {
    "id": "b671750c-15ed-40c0-9a63-aa63f79809bf",
    "data": [
      {
        "text": "Easy step to plant Zinnia flower",
        "userDefined": false
      }
    ],
    "isTemplate": false,
    "count": 0,
    "lang": "en",
    "updated": 0
  },
  {
    "id": "30131aa8-db15-4921-91f5-ad27d9289c2d",
    "data": [
      {
        "text": "instruction to plant Zinnia flower",
        "userDefined": false
      }
    ],
    "isTemplate": false,
    "count": 0,
    "lang": "en",
    "updated": 0
  },
  {
    "id": "fec8baae-4601-4d3a-949a-e33406448a6b",
    "data": [
      {
        "text": "Step plant Zinnia flower",
        "userDefined": false
      }
    ],
    "isTemplate": false,
    "count": 0,
    "lang": "en",
    "updated": 0
  },
  {
    "id": "b012ea98-48a7-47fc-915b-906b0ec0998f",
    "data": [
      {
        "text": "What is the instruction to plant the Zinnia Flower",
        "userDefined": false
      }
    ],
    "isTemplate": false,
    "count": 0,
    "lang": "en",
    "updated": 0
  },
  {
    "id": "f79e7411-5032-40de-b03d-f690db2f7de0",
    "data": [
      {
        "text": "What is the step to plant the Zinnia flower?",
        "userDefined": false
      }
    ],
    "isTemplate": false,
    "count": 0,
    "lang": "en",
    "updated": 0
  },
  {
    "id": "f555cdf8-11db-4131-9bbe-89fb63a57983",
    "data": [
      {
        "text": "Can I get the simple step instruction for children or novice to plant the Zinnia flower in ",
        "userDefined": false
      },
      {
        "text": "malaysia",
        "meta": "@sys.geo-country",
        "alias": "geo-country",
        "userDefined": false
      }
    ],
    "isTemplate": false,
    "count": 0,
    "lang": "en",
    "updated": 0
  },
  {
    "id": "a714d787-2f58-46e9-8f36-9622aa9e7948",
    "data": [
      {
        "text": "What are the step to plant the Zinnia flower",
        "userDefined": false
      }
    ],
    "isTemplate": false,
    "count": 0,
    "lang": "en",
    "updated": 0
  },
  {
    "id": "24152be7-1765-4382-b2cc-878a41e70c76",
    "data": [
      {
        "text": "what are the step to plant zinnia flower?",
        "userDefined": false
      }
    ],
    "isTemplate": false,
    "count": 0,
    "lang": "en",
    "updated": 0
  },
  {
    "id": "c6737c52-c8b1-4f9c-b255-a3c1c53495a3",
    "data": [
      {
        "text": "okay I need help on what are the step of planting the zinnia flower",
        "userDefined": false
      }
    ],
    "isTemplate": false,
    "count": 2,
    "lang": "en",
    "updated": 0
  },
  {
    "id": "cf0359fd-cd1b-4c19-bcba-fc57ab72a5be",
    "data": [
      {
        "text": "how to plant zinnia flower?",
        "userDefined": false
      }
    ],
    "isTemplate": false,
    "count": 6,
    "lang": "en",
    "updated": 0
  },
  {
    "id": "185aec4a-945b-4cdc-8436-1f213018a3a5",
    "data": [
      {
        "text": "can i know how to plant zinnie flower?",
        "userDefined": false
      }
    ],
    "isTemplate": false,
    "count": 1,
    "lang": "en",
    "updated": 0
  },
  {
    "id": "70d0513f-db65-4a5c-a7f4-f7a0976dbcc6",
    "data": [
      {
        "text": "how should zinnias be planted",
        "userDefined": false
      }
    ],
    "isTemplate": false,
    "count": 5,
    "lang": "en",
    "updated": 0
  },
  {
    "id": "15deeccc-f239-4387-b6ea-1efb2a0c80bd",
    "data": [
      {
        "text": "How to grow Zinnia?",
        "userDefined": false
      }
    ],
    "isTemplate": false,
    "count": 0,
    "lang": "en",
    "updated": 0
  },
  {
    "id": "d9bc2d9b-8290-4e26-a9bd-72da70a05829",
    "data": [
      {
        "text": "How to plant and take care of Zinnia flower?",
        "userDefined": false
      }
    ],
    "isTemplate": false,
    "count": 0,
    "lang": "en",
    "updated": 0
  },
  {
    "id": "2a919d02-3bd1-4204-9399-36a1a543b58c",
    "data": [
      {
        "text": "How to plant zinnia",
        "userDefined": false
      }
    ],
    "isTemplate": false,
    "count": 0,
    "lang": "en",
    "updated": 0
  },
  {
    "id": "558c886c-4255-410e-b999-9f40f6330ce9",
    "data": [
      {
        "text": "Do you know what I should prepare to plant trees?",
        "userDefined": false
      }
    ],
    "isTemplate": false,
    "count": 0,
    "lang": "en",
    "updated": 0
  },
  {
    "id": "8f732ad5-badd-403f-a829-a529f9ed60f4",
    "data": [
      {
        "text": "how to plant zinnias",
        "userDefined": false
      }
    ],
    "isTemplate": false,
    "count": 1,
    "lang": "en",
    "updated": 0
  },
  {
    "id": "1c192f56-fa54-45ff-bf8d-69096ada5052",
    "data": [
      {
        "text": "Can I grow it in ",
        "userDefined": false
      },
      {
        "text": "Malaysia",
        "meta": "@sys.geo-country",
        "alias": "geo-country",
        "userDefined": false
      }
    ],
    "isTemplate": false,
    "count": 0,
    "lang": "en",
    "updated": 0
  },
  {
    "id": "67291286-320e-431d-9116-504f449328b5",
    "data": [
      {
        "text": "How do I grow it",
        "userDefined": false
      }
    ],
    "isTemplate": false,
    "count": 0,
    "lang": "en",
    "updated": 0
  },
  {
    "id": "f5b2d859-cfd7-4075-85e0-f2dc6111dc24",
    "data": [
      {
        "text": "How do I grow zinnia",
        "userDefined": false
      }
    ],
    "isTemplate": false,
    "count": 0,
    "lang": "en",
    "updated": 0
  },
  {
    "id": "27e5949f-fe75-40a4-b6ab-4d2d8cc047c3",
    "data": [
      {
        "text": "how to plant zinnia flower",
        "userDefined": false
      }
    ],
    "isTemplate": false,
    "count": 29,
    "lang": "en",
    "updated": 0
  },
  {
    "id": "978504e1-b12d-4171-9fa4-a82cb9fdb6b2",
    "data": [
      {
        "text": "planting process for zinnia?",
        "userDefined": false
      }
    ],
    "isTemplate": false,
    "count": 5,
    "lang": "en",
    "updated": 0
  },
  {
    "id": "12b910c5-7bbf-4b8d-a028-7339ad437778",
    "data": [
      {
        "text": "step to plant zinnia flower",
        "userDefined": false
      }
    ],
    "isTemplate": false,
    "count": 0,
    "lang": "en",
    "updated": 0
  },
  {
    "id": "0218d6a6-c17a-4623-b8f9-28bb1ca89ca7",
    "data": [
      {
        "text": "plant zinnia flower",
        "userDefined": false
      }
    ],
    "isTemplate": false,
    "count": 0,
    "lang": "en",
    "updated": 0
  },
  {
    "id": "146f8bf9-9263-4773-9d86-8d8b6869ff1d",
    "data": [
      {
        "text": "planting",
        "userDefined": false
      }
    ],
    "isTemplate": false,
    "count": 1,
    "lang": "en",
    "updated": 0
  },
  {
    "id": "e7297a3e-6326-44f2-a85f-faa0fca06043",
    "data": [
      {
        "text": "how to plant them may i know",
        "userDefined": false
      }
    ],
    "isTemplate": false,
    "count": 0,
    "lang": "en",
    "updated": 0
  },
  {
    "id": "469dd6ac-d4ec-4e4c-85ee-4179b0eac232",
    "data": [
      {
        "text": "How to plant zinnia?",
        "userDefined": false
      }
    ],
    "isTemplate": false,
    "count": 1,
    "lang": "en",
    "updated": 0
  },
  {
    "id": "01152fe8-4200-47b7-ad2d-03aad90d14f8",
    "data": [
      {
        "text": "how to get Zinnia flower?",
        "userDefined": false
      }
    ],
    "isTemplate": false,
    "count": 1,
    "lang": "en",
    "updated": 0
  },
  {
    "id": "bb786191-4f59-48ec-b7d1-0738e9461f72",
    "data": [
      {
        "text": "how to grow Zinnia flower",
        "userDefined": false
      }
    ],
    "isTemplate": false,
    "count": 1,
    "lang": "en",
    "updated": 0
  },
  {
    "id": "cdcee699-a5c4-485c-8d10-f43e7c4d7896",
    "data": [
      {
        "text": "what advise you can give to people who wants to plant it",
        "userDefined": false
      }
    ],
    "isTemplate": false,
    "count": 0,
    "lang": "en",
    "updated": 0
  },
  {
    "id": "5e623896-2e72-485e-a3a7-1ef2d2612dea",
    "data": [
      {
        "text": "How to start planting?",
        "userDefined": false
      }
    ],
    "isTemplate": false,
    "count": 1,
    "lang": "en",
    "updated": 0
  },
  {
    "id": "5fc57601-923f-4329-b65b-2301841965d6",
    "data": [
      {
        "text": "where to plant zinnia flower?",
        "userDefined": false
      }
    ],
    "isTemplate": false,
    "count": 0,
    "lang": "en",
    "updated": 0
  },
  {
    "id": "2f311772-2acf-474b-ac6d-875de2b7bec7",
    "data": [
      {
        "text": "how to plant",
        "userDefined": false
      }
    ],
    "isTemplate": false,
    "count": 0,
    "lang": "en",
    "updated": 0
  }
]